{"is_source_file": false, "format": "", "description": "", "external_files": [], "external_methods": [], "published": [], "classes": [], "methods": [], "calls": [], "search-terms": ["travel-planner-pro", "README.md", "214723"], "state": 2, "file_id": 1, "knowledge_revision": 6, "git_revision": "ac5ba4d03978470b7623cde9c023faa61ffd5d3d", "hash": "418400cfe62e5f69faa5468b1dbd8f74", "format-version": 4, "code-base-name": "travel_planner_backend", "filename": "README.md", "revision_history": [{"6": "ac5ba4d03978470b7623cde9c023faa61ffd5d3d"}]}