{"is_source_file": true, "format": "Python", "description": "This Python source file defines a data class 'Settings' that loads application configuration from environment variables, specifically for database connection parameters in a travel planner backend project. It includes logic to parse different formats of PostgreSQL URLs and a public function to instantiate the settings object with validated environment variables.", "external_files": ["os", "dataclasses", "urllib.parse"], "external_methods": ["os.getenv", "urllib.parse.urlparse"], "published": ["get_settings"], "classes": [{"name": "Settings", "description": "Immutable dataclass that holds PostgreSQL connection settings and constructs the SQLAlchemy database URI based on the provided environment variables."}], "methods": [{"name": "str sqlalchemy_database_uri(self)", "description": "Constructs a normalized SQLAlchemy PostgreSQL connection URL based on the given environment variables and the format of the 'POSTGRES_URL'.", "scope": "Settings", "scopeKind": "class"}, {"name": "str _require_env(name: str)", "scope": "", "scopeKind": "", "description": "unavailable"}, {"name": "Settings get_settings()", "scope": "", "scopeKind": "", "description": "unavailable"}], "calls": ["os.getenv", "urlparse"], "search-terms": ["Settings class", "database URL parsing", "PostgreSQL environment config", "get_settings function", "SQLAlchemy URI construction"], "state": 2, "file_id": 6, "knowledge_revision": 46, "git_revision": "158bcdec041d76b19dbcbaac58f62641a7fad2e0", "revision_history": [{"13": ""}, {"44": "158bcdec041d76b19dbcbaac58f62641a7fad2e0"}, {"45": "158bcdec041d76b19dbcbaac58f62641a7fad2e0"}, {"46": "158bcdec041d76b19dbcbaac58f62641a7fad2e0"}], "ctags": [{"_type": "tag", "name": "Settings", "path": "/home/kavia/workspace/code-generation/travel-planner-pro-214723-214732/travel_planner_backend/src/core/settings.py", "pattern": "/^class Settings:$/", "language": "Python", "kind": "class"}, {"_type": "tag", "name": "_require_env", "path": "/home/kavia/workspace/code-generation/travel-planner-pro-214723-214732/travel_planner_backend/src/core/settings.py", "pattern": "/^def _require_env(name: str) -> str:$/", "language": "Python", "typeref": "typename:str", "kind": "function", "signature": "(name: str)"}, {"_type": "tag", "name": "get_settings", "path": "/home/kavia/workspace/code-generation/travel-planner-pro-214723-214732/travel_planner_backend/src/core/settings.py", "pattern": "/^def get_settings() -> Settings:$/", "language": "Python", "typeref": "typename:Settings", "kind": "function", "signature": "()"}, {"_type": "tag", "name": "sqlalchemy_database_uri", "path": "/home/kavia/workspace/code-generation/travel-planner-pro-214723-214732/travel_planner_backend/src/core/settings.py", "pattern": "/^    def sqlalchemy_database_uri(self) -> str:$/", "language": "Python", "typeref": "typename:str", "kind": "member", "signature": "(self)", "scope": "Settings", "scopeKind": "class"}], "hash": "582625bc5f8693d318d05734162ff5f3", "format-version": 4, "code-base-name": "travel_planner_backend", "filename": "travel_planner_backend/src/core/settings.py"}