{"is_source_file": true, "format": "Python", "description": "This is the main entry point for a FastAPI backend server for a travel planner application. It sets up the FastAPI app, configures middleware, registers route modules for trips and itinerary management, and defines basic health check endpoints for system and database connectivity.", "external_files": ["src/api/routes/itinerary.py", "src/api/routes/trips.py", "src/db/session.py"], "external_methods": ["get_db"], "published": ["app"], "classes": [], "methods": ["health_check", "db_health_check"], "calls": ["app.include_router", "app.add_middleware", "app.get"], "search-terms": ["FastAPI", "main.py", "health check", "API router registration", "CORS middleware", "trips router", "itinerary router"], "state": 3, "file_id": 2, "knowledge_revision": 25, "git_revision": "dab40099262f9c79ab35527b0724b028609971f2", "revision_history": [{"8": "a518ee0ec0e43de50aa829f1308121f2782da43f"}, {"22": "158bcdec041d76b19dbcbaac58f62641a7fad2e0"}, {"25": "dab40099262f9c79ab35527b0724b028609971f2"}], "ctags": [{"_type": "tag", "name": "app", "path": "/home/kavia/workspace/code-generation/travel-planner-pro-214723-214732/travel_planner_backend/src/api/main.py", "pattern": "/^app = FastAPI($/", "language": "Python", "kind": "variable"}, {"_type": "tag", "name": "db_health_check", "path": "/home/kavia/workspace/code-generation/travel-planner-pro-214723-214732/travel_planner_backend/src/api/main.py", "pattern": "/^def db_health_check(db: Session = Depends(get_db)):$/", "language": "Python", "kind": "function", "signature": "(db: Session = Depends(get_db))"}, {"_type": "tag", "name": "health_check", "path": "/home/kavia/workspace/code-generation/travel-planner-pro-214723-214732/travel_planner_backend/src/api/main.py", "pattern": "/^def health_check():$/", "language": "Python", "kind": "function", "signature": "()"}, {"_type": "tag", "name": "itinerary_router", "path": "/home/kavia/workspace/code-generation/travel-planner-pro-214723-214732/travel_planner_backend/src/api/main.py", "pattern": "/^from src.api.routes.itinerary import router as itinerary_router$/", "language": "Python", "kind": "unknown", "nameref": "unknown:router"}, {"_type": "tag", "name": "openapi_tags", "path": "/home/kavia/workspace/code-generation/travel-planner-pro-214723-214732/travel_planner_backend/src/api/main.py", "pattern": "/^openapi_tags = [$/", "language": "Python", "kind": "variable"}, {"_type": "tag", "name": "trips_router", "path": "/home/kavia/workspace/code-generation/travel-planner-pro-214723-214732/travel_planner_backend/src/api/main.py", "pattern": "/^from src.api.routes.trips import router as trips_router$/", "language": "Python", "kind": "unknown", "nameref": "unknown:router"}], "hash": "754fcaca635a13165d86d3b3293fb142", "format-version": 4, "code-base-name": "travel_planner_backend", "filename": "travel_planner_backend/src/api/main.py", "fields": [{"name": "app = FastAPI(", "scope": "", "scopeKind": "", "description": "unavailable"}]}