{"is_source_file": true, "format": "Python", "description": "This file defines API routes for managing reminders within a trip management backend using FastAPI. It includes CRUD operations for reminders, schemas for request/response models, and utility functions for database lookups, all scoped under the /api/trips/{trip_id}/reminders endpoint.", "external_files": ["src/db/models.py", "src/db/session.py", "src/schemas/travel.py"], "external_methods": ["get_db", "db.get", "db.execute", "db.add", "db.commit", "db.refresh", "db.delete"], "published": ["list_reminders", "create_reminder", "get_reminder", "update_reminder", "delete_reminder"], "classes": [{"name": "ReminderUpdate", "description": "Schema for updating a reminder, allowing partial update of message and remind_at fields."}, {"name": "ReminderListResponse", "description": "Response schema for paginated list of reminders."}], "methods": [{"name": "Trip _get_trip_or_404(db: Session, trip_id: uuid.UUID)", "description": "Fetches a trip by its UUID or raises a 404 HTTPException if not found.", "scope": "", "scopeKind": ""}, {"name": "Reminder _get_reminder_or_404(db: Session, trip_id: uuid.UUID, reminder_id: uuid.UUID)", "description": "Fetches a reminder scoped to a trip by its UUID or raises a 404 HTTPException.", "scope": "", "scopeKind": ""}, {"name": "ReminderRead create_reminder( trip_id: uuid.UUID, payload: ReminderCreate, db: Session = Depends(get_db), )", "scope": "", "scopeKind": "", "description": "unavailable"}, {"name": "Response delete_reminder( trip_id: uuid.UUID, reminder_id: uuid.UUID, db: Session = Depends(get_db), )", "scope": "", "scopeKind": "", "description": "unavailable"}, {"name": "ReminderRead get_reminder( trip_id: uuid.UUID, reminder_id: uuid.UUID, db: Session = Depends(get_db), )", "scope": "", "scopeKind": "", "description": "unavailable"}, {"name": "ReminderListResponse list_reminders( trip_id: uuid.UUID, db: Session = Depends(get_db), limit: int = Query(50, ge=1, le=100, description=\"Maximum number of reminders to return\"), offset: int = Query(0, ge=0, description=\"Number of reminders to skip\"), )", "scope": "", "scopeKind": "", "description": "unavailable"}, {"name": "ReminderRead update_reminder( trip_id: uuid.UUID, reminder_id: uuid.UUID, payload: ReminderUpdate, db: Session = Depends(get_db), )", "scope": "", "scopeKind": "", "description": "unavailable"}], "calls": ["select(func.count())", "select(Reminder).where(...)", "db.execute(...)", "db.refresh(reminder)", "db.delete(reminder)"], "search-terms": ["reminder routes", "CRUD reminders", "FastAPI reminder endpoints", "trip reminders API", "Reminder schemas"], "state": 2, "file_id": 14, "knowledge_revision": 32, "git_revision": "", "ctags": [{"_type": "tag", "name": "ReminderListResponse", "path": "/home/kavia/workspace/code-generation/travel-planner-pro-214723-214732/travel_planner_backend/src/api/routes/reminders.py", "pattern": "/^class ReminderListResponse(BaseModel):$/", "language": "Python", "kind": "class"}, {"_type": "tag", "name": "ReminderUpdate", "path": "/home/kavia/workspace/code-generation/travel-planner-pro-214723-214732/travel_planner_backend/src/api/routes/reminders.py", "pattern": "/^class ReminderUpdate(BaseModel):$/", "language": "Python", "kind": "class"}, {"_type": "tag", "name": "_get_reminder_or_404", "path": "/home/kavia/workspace/code-generation/travel-planner-pro-214723-214732/travel_planner_backend/src/api/routes/reminders.py", "pattern": "/^def _get_reminder_or_404(db: Session, trip_id: uuid.UUID, reminder_id: uuid.UUID) -> Reminder:$/", "language": "Python", "typeref": "typename:Reminder", "kind": "function", "signature": "(db: Session, trip_id: uuid.UUID, reminder_id: uuid.UUID)"}, {"_type": "tag", "name": "_get_trip_or_404", "path": "/home/kavia/workspace/code-generation/travel-planner-pro-214723-214732/travel_planner_backend/src/api/routes/reminders.py", "pattern": "/^def _get_trip_or_404(db: Session, trip_id: uuid.UUID) -> Trip:$/", "language": "Python", "typeref": "typename:Trip", "kind": "function", "signature": "(db: Session, trip_id: uuid.UUID)"}, {"_type": "tag", "name": "create_reminder", "path": "/home/kavia/workspace/code-generation/travel-planner-pro-214723-214732/travel_planner_backend/src/api/routes/reminders.py", "pattern": "/^def create_reminder($/", "language": "Python", "typeref": "typename:ReminderRead", "kind": "function", "signature": "( trip_id: uuid.UUID, payload: ReminderCreate, db: Session = Depends(get_db), )"}, {"_type": "tag", "name": "delete_reminder", "path": "/home/kavia/workspace/code-generation/travel-planner-pro-214723-214732/travel_planner_backend/src/api/routes/reminders.py", "pattern": "/^def delete_reminder($/", "language": "Python", "typeref": "typename:Response", "kind": "function", "signature": "( trip_id: uuid.UUID, reminder_id: uuid.UUID, db: Session = Depends(get_db), )"}, {"_type": "tag", "name": "get_reminder", "path": "/home/kavia/workspace/code-generation/travel-planner-pro-214723-214732/travel_planner_backend/src/api/routes/reminders.py", "pattern": "/^def get_reminder($/", "language": "Python", "typeref": "typename:ReminderRead", "kind": "function", "signature": "( trip_id: uuid.UUID, reminder_id: uuid.UUID, db: Session = Depends(get_db), )"}, {"_type": "tag", "name": "items", "path": "/home/kavia/workspace/code-generation/travel-planner-pro-214723-214732/travel_planner_backend/src/api/routes/reminders.py", "pattern": "/^    items: list[ReminderRead] = Field(..., description=\"Reminders in the current page\")$/", "language": "Python", "typeref": "typename:list[ReminderRead]", "kind": "variable", "scope": "ReminderListResponse", "scopeKind": "class"}, {"_type": "tag", "name": "limit", "path": "/home/kavia/workspace/code-generation/travel-planner-pro-214723-214732/travel_planner_backend/src/api/routes/reminders.py", "pattern": "/^    limit: int = Field(..., description=\"Page size limit used for this response\", ge=1, le=100)$/", "language": "Python", "typeref": "typename:int", "kind": "variable", "scope": "ReminderListResponse", "scopeKind": "class"}, {"_type": "tag", "name": "list_reminders", "path": "/home/kavia/workspace/code-generation/travel-planner-pro-214723-214732/travel_planner_backend/src/api/routes/reminders.py", "pattern": "/^def list_reminders($/", "language": "Python", "typeref": "typename:ReminderListResponse", "kind": "function", "signature": "( trip_id: uuid.UUID, db: Session = Depends(get_db), limit: int = Query(50, ge=1, le=100, description=\"Maximum number of reminders to return\"), offset: int = Query(0, ge=0, description=\"Number of reminders to skip\"), )"}, {"_type": "tag", "name": "message", "path": "/home/kavia/workspace/code-generation/travel-planner-pro-214723-214732/travel_planner_backend/src/api/routes/reminders.py", "pattern": "/^    message: Optional[str] = Field(None, description=\"Reminder message\", max_length=255)$/", "language": "Python", "typeref": "typename:Optional[str]", "kind": "variable", "scope": "ReminderUpdate", "scopeKind": "class"}, {"_type": "tag", "name": "offset", "path": "/home/kavia/workspace/code-generation/travel-planner-pro-214723-214732/travel_planner_backend/src/api/routes/reminders.py", "pattern": "/^    offset: int = Field(..., description=\"Offset used for this response\", ge=0)$/", "language": "Python", "typeref": "typename:int", "kind": "variable", "scope": "ReminderListResponse", "scopeKind": "class"}, {"_type": "tag", "name": "remind_at", "path": "/home/kavia/workspace/code-generation/travel-planner-pro-214723-214732/travel_planner_backend/src/api/routes/reminders.py", "pattern": "/^    remind_at: Optional[\"datetime\"] = Field(None, description=\"When to remind (datetime)\")  # ty/", "language": "Python", "typeref": "typename:Optional[\"datetime\"]", "kind": "variable", "scope": "ReminderUpdate", "scopeKind": "class"}, {"_type": "tag", "name": "router", "path": "/home/kavia/workspace/code-generation/travel-planner-pro-214723-214732/travel_planner_backend/src/api/routes/reminders.py", "pattern": "/^router = APIRouter($/", "language": "Python", "kind": "variable"}, {"_type": "tag", "name": "total", "path": "/home/kavia/workspace/code-generation/travel-planner-pro-214723-214732/travel_planner_backend/src/api/routes/reminders.py", "pattern": "/^    total: int = Field(..., description=\"Total number of reminders available for the trip (ignor/", "language": "Python", "typeref": "typename:int", "kind": "variable", "scope": "ReminderListResponse", "scopeKind": "class"}, {"_type": "tag", "name": "update_reminder", "path": "/home/kavia/workspace/code-generation/travel-planner-pro-214723-214732/travel_planner_backend/src/api/routes/reminders.py", "pattern": "/^def update_reminder($/", "language": "Python", "typeref": "typename:ReminderRead", "kind": "function", "signature": "( trip_id: uuid.UUID, reminder_id: uuid.UUID, payload: ReminderUpdate, db: Session = Depends(get_db), )"}], "hash": "3eb726e893d32e9d37a529c5a49e965d", "format-version": 4, "code-base-name": "travel_planner_backend", "filename": "travel_planner_backend/src/api/routes/reminders.py", "fields": [{"name": "list[ReminderRead] items", "scope": "ReminderListResponse", "scopeKind": "class", "description": "unavailable"}, {"name": "int limit", "scope": "ReminderListResponse", "scopeKind": "class", "description": "unavailable"}, {"name": "Optional[str] message", "scope": "ReminderUpdate", "scopeKind": "class", "description": "unavailable"}, {"name": "int offset", "scope": "ReminderListResponse", "scopeKind": "class", "description": "unavailable"}, {"name": "Optional[\"datetime\"] remind_at", "scope": "ReminderUpdate", "scopeKind": "class", "description": "unavailable"}, {"name": "router = APIRouter(", "scope": "", "scopeKind": "", "description": "unavailable"}, {"name": "int total", "scope": "ReminderListResponse", "scopeKind": "class", "description": "unavailable"}], "revision_history": [{"32": ""}]}