{"is_source_file": true, "format": "Python", "description": "This file defines a FastAPI route for searching travel destinations, including handling query parameters, database querying with SQLAlchemy, and constructing a paginated response.", "external_files": ["src/db/models", "src/db/session", "src/schemas/travel"], "external_methods": ["get_db", "Destination.name.ilike", "Destination.country.ilike", "Destination.city.ilike", "select", "func.count", "select.from", "select.where", "select.order_by", "select.limit", "select.offset", "db.execute", "db.execute.scalar_one", "scalars", "scalars.all"], "published": ["search_destinations"], "classes": [{"name": "DestinationSearchResponse", "description": "Response schema for paginated list of destinations matching search criteria."}, {"name": "DestinationSearchResult", "description": "Schema representing individual destination search result item."}], "methods": [{"name": "DestinationSearchResponse search_destinations( q: str = Query( ..., min_length=1, description=\"Search query text (partial match; case-insensitive)\", ), db: Session = Depends(get_db), limit: int = Query(20, ge=1, le=100, description=\"Maximum number of results to return\"), offset: int = Query(0, ge=0, description=\"Number of results to skip\"), include_country: bool = Query(True, description=\"Include `country` field in search matching\"), include_city: bool = Query(True, description=\"Include `city` field in search matching\"), )", "description": "API endpoint function to perform a partial, case-insensitive search over destinations with pagination.", "scope": "", "scopeKind": ""}], "calls": ["db.execute", "db.execute.scalar_one", "select(func.count())", "select(Destination)", "or_(...)", "desc(Destination.popularity)", "Destination.name.asc()"], "search-terms": ["FastAPI destinations route", "search_destinations endpoint", "DestinationSearchResponse", "DestinationSearchResult", "destination search", "partial match", "case-insensitive", "pagination", "SQLAlchemy select", "Destination model"], "state": 2, "file_id": 15, "knowledge_revision": 37, "git_revision": "", "ctags": [{"_type": "tag", "name": "router", "path": "/home/kavia/workspace/code-generation/travel-planner-pro-214723-214732/travel_planner_backend/src/api/routes/destinations.py", "pattern": "/^router = APIRouter(prefix=\"\\/api\\/destinations\", tags=[\"Destinations\"])$/", "language": "Python", "kind": "variable"}, {"_type": "tag", "name": "search_destinations", "path": "/home/kavia/workspace/code-generation/travel-planner-pro-214723-214732/travel_planner_backend/src/api/routes/destinations.py", "pattern": "/^def search_destinations($/", "language": "Python", "typeref": "typename:DestinationSearchResponse", "kind": "function", "signature": "( q: str = Query( ..., min_length=1, description=\"Search query text (partial match; case-insensitive)\", ), db: Session = Depends(get_db), limit: int = Query(20, ge=1, le=100, description=\"Maximum number of results to return\"), offset: int = Query(0, ge=0, description=\"Number of results to skip\"), include_country: bool = Query(True, description=\"Include `country` field in search matching\"), include_city: bool = Query(True, description=\"Include `city` field in search matching\"), )"}], "hash": "c53186b7cb09d97cedc0f06e0fdd43c5", "format-version": 4, "code-base-name": "travel_planner_backend", "filename": "travel_planner_backend/src/api/routes/destinations.py", "fields": [{"name": "router = APIRouter(prefix=\"\\/api\\/destinations\", tags=[\"Destinations\"])", "scope": "", "scopeKind": "", "description": "unavailable"}], "revision_history": [{"37": ""}]}