{"is_source_file": true, "format": "Python", "description": "This file defines functions for managing a SQLAlchemy database session, including creating the engine, sessionmaker, and providing a FastAPI dependency to yield a database session with proper cleanup.", "external_files": ["src.core.settings"], "external_methods": ["get_settings"], "published": ["get_db"], "classes": [{"name": "Base", "description": "SQLAlchemy declarative base class for ORM models."}], "methods": [{"name": "Engine _get_engine()", "description": "Creates or retrieves the process-global SQLAlchemy engine; lazy initialization to avoid startup issues.", "scope": "", "scopeKind": ""}, {"name": "sessionmaker[Session] _get_sessionmaker()", "description": "Returns a lazily-initialized sessionmaker instance bound to the engine.", "scope": "", "scopeKind": ""}, {"name": "Generator[Session,None,None] get_db()", "description": "FastAPI dependency that yields a SQLAlchemy Session, ensuring proper cleanup after use.", "scope": "", "scopeKind": ""}], "calls": ["create_engine", "sessionmaker", "get_settings"], "search-terms": ["SQLAlchemy", "session management", "FastAPI dependency", "lazy initialization", "database connection"], "state": 2, "file_id": 7, "knowledge_revision": 48, "git_revision": "158bcdec041d76b19dbcbaac58f62641a7fad2e0", "revision_history": [{"15": ""}, {"47": "158bcdec041d76b19dbcbaac58f62641a7fad2e0"}, {"48": "158bcdec041d76b19dbcbaac58f62641a7fad2e0"}], "ctags": [{"_type": "tag", "name": "Base", "path": "/home/kavia/workspace/code-generation/travel-planner-pro-214723-214732/travel_planner_backend/src/db/session.py", "pattern": "/^class Base(DeclarativeBase):$/", "language": "Python", "kind": "class"}, {"_type": "tag", "name": "_get_engine", "path": "/home/kavia/workspace/code-generation/travel-planner-pro-214723-214732/travel_planner_backend/src/db/session.py", "pattern": "/^def _get_engine() -> Engine:$/", "language": "Python", "typeref": "typename:Engine", "kind": "function", "signature": "()"}, {"_type": "tag", "name": "_get_sessionmaker", "path": "/home/kavia/workspace/code-generation/travel-planner-pro-214723-214732/travel_planner_backend/src/db/session.py", "pattern": "/^def _get_sessionmaker() -> sessionmaker[Session]:$/", "language": "Python", "typeref": "typename:sessionmaker[Session]", "kind": "function", "signature": "()"}, {"_type": "tag", "name": "get_db", "path": "/home/kavia/workspace/code-generation/travel-planner-pro-214723-214732/travel_planner_backend/src/db/session.py", "pattern": "/^def get_db() -> Generator[Session, None, None]:$/", "language": "Python", "typeref": "typename:Generator[Session,None,None]", "kind": "function", "signature": "()"}], "hash": "50e6869fcde63b4486890beeb8bcac57", "format-version": 4, "code-base-name": "travel_planner_backend", "filename": "travel_planner_backend/src/db/session.py"}