{"is_source_file": true, "format": "Python", "description": "This Python source file defines a data class for application settings related to PostgreSQL database configuration, includes functions to load and validate environment variables, and constructs the database URI. It serves as configuration management for the backend application.", "external_files": ["os"], "external_methods": ["os.getenv"], "published": ["get_settings"], "classes": [{"name": "Settings", "description": "Immutable data class holding PostgreSQL connection parameters and a property to generate the SQLAlchemy database URI."}], "methods": [{"name": "Settings get_settings()", "description": "Loads and validates database environment variables, constructs a Settings object with parsed values.", "scope": "", "scopeKind": ""}, {"name": "str _require_env(name: str)", "scope": "", "scopeKind": "", "description": "unavailable"}, {"name": "str sqlalchemy_database_uri(self)", "scope": "Settings", "scopeKind": "class", "description": "unavailable"}], "calls": ["os.getenv", "RuntimeError"], "search-terms": ["Settings class", "database environment variables", "PostgreSQL configuration", "database URI generator", "load environment variables"], "state": 2, "file_id": 6, "knowledge_revision": 13, "git_revision": "", "ctags": [{"_type": "tag", "name": "Settings", "path": "/home/kavia/workspace/code-generation/travel-planner-pro-214723-214732/travel_planner_backend/src/core/settings.py", "pattern": "/^class Settings:$/", "language": "Python", "kind": "class"}, {"_type": "tag", "name": "_require_env", "path": "/home/kavia/workspace/code-generation/travel-planner-pro-214723-214732/travel_planner_backend/src/core/settings.py", "pattern": "/^def _require_env(name: str) -> str:$/", "language": "Python", "typeref": "typename:str", "kind": "function", "signature": "(name: str)"}, {"_type": "tag", "name": "get_settings", "path": "/home/kavia/workspace/code-generation/travel-planner-pro-214723-214732/travel_planner_backend/src/core/settings.py", "pattern": "/^def get_settings() -> Settings:$/", "language": "Python", "typeref": "typename:Settings", "kind": "function", "signature": "()"}, {"_type": "tag", "name": "sqlalchemy_database_uri", "path": "/home/kavia/workspace/code-generation/travel-planner-pro-214723-214732/travel_planner_backend/src/core/settings.py", "pattern": "/^    def sqlalchemy_database_uri(self) -> str:$/", "language": "Python", "typeref": "typename:str", "kind": "member", "signature": "(self)", "scope": "Settings", "scopeKind": "class"}], "hash": "722bc1448528ec644b72d35770e573a7", "format-version": 4, "code-base-name": "travel_planner_backend", "filename": "travel_planner_backend/src/core/settings.py", "revision_history": [{"13": ""}]}