{"is_source_file": true, "format": "Python", "description": "This file generates and writes the OpenAPI schema for the API application defined in src.api.main, saving it as a JSON file in the interfaces directory.", "external_files": ["interfaces/openapi.json"], "external_methods": ["app.openapi()"], "published": [], "classes": [], "methods": [{"name": "<module-level code>", "description": "Generates the OpenAPI schema from the app and saves it as a JSON file in the interfaces directory."}], "calls": ["app.openapi()", "os.makedirs()", "os.path.join()", "json.dump()"], "search-terms": ["generate_openapi", "OpenAPI schema", "app.openapi()", "JSON dump"], "state": 2, "file_id": 4, "knowledge_revision": 9, "git_revision": "a518ee0ec0e43de50aa829f1308121f2782da43f", "ctags": [{"_type": "tag", "name": "openapi_schema", "path": "/home/kavia/workspace/code-generation/travel-planner-pro-214723-214732/travel_planner_backend/src/api/generate_openapi.py", "pattern": "/^openapi_schema = app.openapi()$/", "language": "Python", "kind": "variable"}, {"_type": "tag", "name": "output_dir", "path": "/home/kavia/workspace/code-generation/travel-planner-pro-214723-214732/travel_planner_backend/src/api/generate_openapi.py", "pattern": "/^output_dir = \"interfaces\"$/", "language": "Python", "kind": "variable"}, {"_type": "tag", "name": "output_path", "path": "/home/kavia/workspace/code-generation/travel-planner-pro-214723-214732/travel_planner_backend/src/api/generate_openapi.py", "pattern": "/^output_path = os.path.join(output_dir, \"openapi.json\")$/", "language": "Python", "kind": "variable"}], "hash": "61e3715e79bc397fab3e70f503a41417", "format-version": 4, "code-base-name": "travel_planner_backend", "filename": "travel_planner_backend/src/api/generate_openapi.py", "fields": [{"name": "openapi_schema = app.openapi()", "scope": "", "scopeKind": "", "description": "unavailable"}, {"name": "output_dir = \"interfaces\"", "scope": "", "scopeKind": "", "description": "unavailable"}, {"name": "output_path = os.path.join(output_dir, \"openapi.json\")", "scope": "", "scopeKind": "", "description": "unavailable"}], "revision_history": [{"9": "a518ee0ec0e43de50aa829f1308121f2782da43f"}]}