{"is_source_file": true, "format": "Python", "description": "This file defines API endpoints related to 'notes' within a travel planning backend. It includes CRUD operations such as listing, creating, retrieving, updating, and deleting notes associated with trips, using FastAPI, SQLAlchemy, and Pydantic schemas.", "external_files": ["src/db/models.py", "src/db/session.py", "src/schemas/travel.py"], "external_methods": ["get_db", "Note", "Trip"], "published": ["list_notes", "create_note", "get_note", "update_note", "delete_note"], "classes": [{"name": "NoteUpdate", "description": "Schema for updating a note, allowing partial updates to the 'content' field."}, {"name": "NoteListResponse", "description": "Schema for paginated list response containing notes."}], "methods": [{"name": "Trip _get_trip_or_404(db: Session, trip_id: uuid.UUID)", "description": "Fetches a trip by its UUID or raises a 404 HTTPException if not found.", "scope": "", "scopeKind": ""}, {"name": "Note _get_note_or_404(db: Session, trip_id: uuid.UUID, note_id: uuid.UUID)", "description": "Fetches a note scoped to a trip by its UUID or raises a 404 HTTPException if not found.", "scope": "", "scopeKind": ""}, {"name": "NoteRead create_note( trip_id: uuid.UUID, payload: NoteCreate, db: Session = Depends(get_db), )", "scope": "", "scopeKind": "", "description": "unavailable"}, {"name": "Response delete_note( trip_id: uuid.UUID, note_id: uuid.UUID, db: Session = Depends(get_db), )", "scope": "", "scopeKind": "", "description": "unavailable"}, {"name": "NoteRead get_note( trip_id: uuid.UUID, note_id: uuid.UUID, db: Session = Depends(get_db), )", "scope": "", "scopeKind": "", "description": "unavailable"}, {"name": "NoteListResponse list_notes( trip_id: uuid.UUID, db: Session = Depends(get_db), limit: int = Query(50, ge=1, le=100, description=\"Maximum number of notes to return\"), offset: int = Query(0, ge=0, description=\"Number of notes to skip\"), )", "scope": "", "scopeKind": "", "description": "unavailable"}, {"name": "NoteRead update_note( trip_id: uuid.UUID, note_id: uuid.UUID, payload: NoteUpdate, db: Session = Depends(get_db), )", "scope": "", "scopeKind": "", "description": "unavailable"}], "calls": ["fastapi.APIRouter", "fastapi.Depends", "fastapi.HTTPException", "sqlalchemy.select", "sqlalchemy.func.count", "sqlalchemy.orm.Session", "datetime.now", "db.get", "db.execute", "db.add", "db.commit", "db.refresh", "db.delete"], "search-terms": ["notes CRUD endpoints", "trip notes API", "FastAPI notes routes", "SQLAlchemy notes", "notes pagination"], "state": 2, "file_id": 13, "knowledge_revision": 30, "git_revision": "", "ctags": [{"_type": "tag", "name": "NoteListResponse", "path": "/home/kavia/workspace/code-generation/travel-planner-pro-214723-214732/travel_planner_backend/src/api/routes/notes.py", "pattern": "/^class NoteListResponse(BaseModel):$/", "language": "Python", "kind": "class"}, {"_type": "tag", "name": "NoteUpdate", "path": "/home/kavia/workspace/code-generation/travel-planner-pro-214723-214732/travel_planner_backend/src/api/routes/notes.py", "pattern": "/^class NoteUpdate(BaseModel):$/", "language": "Python", "kind": "class"}, {"_type": "tag", "name": "_get_note_or_404", "path": "/home/kavia/workspace/code-generation/travel-planner-pro-214723-214732/travel_planner_backend/src/api/routes/notes.py", "pattern": "/^def _get_note_or_404(db: Session, trip_id: uuid.UUID, note_id: uuid.UUID) -> Note:$/", "language": "Python", "typeref": "typename:Note", "kind": "function", "signature": "(db: Session, trip_id: uuid.UUID, note_id: uuid.UUID)"}, {"_type": "tag", "name": "_get_trip_or_404", "path": "/home/kavia/workspace/code-generation/travel-planner-pro-214723-214732/travel_planner_backend/src/api/routes/notes.py", "pattern": "/^def _get_trip_or_404(db: Session, trip_id: uuid.UUID) -> Trip:$/", "language": "Python", "typeref": "typename:Trip", "kind": "function", "signature": "(db: Session, trip_id: uuid.UUID)"}, {"_type": "tag", "name": "content", "path": "/home/kavia/workspace/code-generation/travel-planner-pro-214723-214732/travel_planner_backend/src/api/routes/notes.py", "pattern": "/^    content: Optional[str] = Field(None, description=\"Note content\")$/", "language": "Python", "typeref": "typename:Optional[str]", "kind": "variable", "scope": "NoteUpdate", "scopeKind": "class"}, {"_type": "tag", "name": "create_note", "path": "/home/kavia/workspace/code-generation/travel-planner-pro-214723-214732/travel_planner_backend/src/api/routes/notes.py", "pattern": "/^def create_note($/", "language": "Python", "typeref": "typename:NoteRead", "kind": "function", "signature": "( trip_id: uuid.UUID, payload: NoteCreate, db: Session = Depends(get_db), )"}, {"_type": "tag", "name": "delete_note", "path": "/home/kavia/workspace/code-generation/travel-planner-pro-214723-214732/travel_planner_backend/src/api/routes/notes.py", "pattern": "/^def delete_note($/", "language": "Python", "typeref": "typename:Response", "kind": "function", "signature": "( trip_id: uuid.UUID, note_id: uuid.UUID, db: Session = Depends(get_db), )"}, {"_type": "tag", "name": "get_note", "path": "/home/kavia/workspace/code-generation/travel-planner-pro-214723-214732/travel_planner_backend/src/api/routes/notes.py", "pattern": "/^def get_note($/", "language": "Python", "typeref": "typename:NoteRead", "kind": "function", "signature": "( trip_id: uuid.UUID, note_id: uuid.UUID, db: Session = Depends(get_db), )"}, {"_type": "tag", "name": "items", "path": "/home/kavia/workspace/code-generation/travel-planner-pro-214723-214732/travel_planner_backend/src/api/routes/notes.py", "pattern": "/^    items: list[NoteRead] = Field(..., description=\"Notes in the current page\")$/", "language": "Python", "typeref": "typename:list[NoteRead]", "kind": "variable", "scope": "NoteListResponse", "scopeKind": "class"}, {"_type": "tag", "name": "limit", "path": "/home/kavia/workspace/code-generation/travel-planner-pro-214723-214732/travel_planner_backend/src/api/routes/notes.py", "pattern": "/^    limit: int = Field(..., description=\"Page size limit used for this response\", ge=1, le=100)$/", "language": "Python", "typeref": "typename:int", "kind": "variable", "scope": "NoteListResponse", "scopeKind": "class"}, {"_type": "tag", "name": "list_notes", "path": "/home/kavia/workspace/code-generation/travel-planner-pro-214723-214732/travel_planner_backend/src/api/routes/notes.py", "pattern": "/^def list_notes($/", "language": "Python", "typeref": "typename:NoteListResponse", "kind": "function", "signature": "( trip_id: uuid.UUID, db: Session = Depends(get_db), limit: int = Query(50, ge=1, le=100, description=\"Maximum number of notes to return\"), offset: int = Query(0, ge=0, description=\"Number of notes to skip\"), )"}, {"_type": "tag", "name": "offset", "path": "/home/kavia/workspace/code-generation/travel-planner-pro-214723-214732/travel_planner_backend/src/api/routes/notes.py", "pattern": "/^    offset: int = Field(..., description=\"Offset used for this response\", ge=0)$/", "language": "Python", "typeref": "typename:int", "kind": "variable", "scope": "NoteListResponse", "scopeKind": "class"}, {"_type": "tag", "name": "router", "path": "/home/kavia/workspace/code-generation/travel-planner-pro-214723-214732/travel_planner_backend/src/api/routes/notes.py", "pattern": "/^router = APIRouter($/", "language": "Python", "kind": "variable"}, {"_type": "tag", "name": "total", "path": "/home/kavia/workspace/code-generation/travel-planner-pro-214723-214732/travel_planner_backend/src/api/routes/notes.py", "pattern": "/^    total: int = Field(..., description=\"Total number of notes available for the trip (ignores p/", "language": "Python", "typeref": "typename:int", "kind": "variable", "scope": "NoteListResponse", "scopeKind": "class"}, {"_type": "tag", "name": "update_note", "path": "/home/kavia/workspace/code-generation/travel-planner-pro-214723-214732/travel_planner_backend/src/api/routes/notes.py", "pattern": "/^def update_note($/", "language": "Python", "typeref": "typename:NoteRead", "kind": "function", "signature": "( trip_id: uuid.UUID, note_id: uuid.UUID, payload: NoteUpdate, db: Session = Depends(get_db), )"}], "hash": "e065e37a69f7e69512c62474de0f0199", "format-version": 4, "code-base-name": "travel_planner_backend", "filename": "travel_planner_backend/src/api/routes/notes.py", "fields": [{"name": "Optional[str] content", "scope": "NoteUpdate", "scopeKind": "class", "description": "unavailable"}, {"name": "list[NoteRead] items", "scope": "NoteListResponse", "scopeKind": "class", "description": "unavailable"}, {"name": "int limit", "scope": "NoteListResponse", "scopeKind": "class", "description": "unavailable"}, {"name": "int offset", "scope": "NoteListResponse", "scopeKind": "class", "description": "unavailable"}, {"name": "router = APIRouter(", "scope": "", "scopeKind": "", "description": "unavailable"}, {"name": "int total", "scope": "NoteListResponse", "scopeKind": "class", "description": "unavailable"}], "revision_history": [{"30": ""}]}