{"is_source_file": true, "format": "Python", "description": "This file defines Pydantic schemas for a travel planning application, including data models for trips, destinations, itinerary items, notes, and reminders.", "external_files": ["pydantic", "uuid", "datetime", "typing"], "external_methods": [], "published": ["TripCreate", "TripRead", "DestinationCreate", "DestinationRead", "DestinationSearchResult", "DestinationSearchResponse", "ItineraryItemCreate", "ItineraryItemRead", "NoteCreate", "NoteRead", "ReminderCreate", "ReminderRead"], "classes": [{"name": "_BaseSchema", "description": "Base class for all schemas, configured to allow attribute-based population of data."}, {"name": "TripBase", "description": "Schema for basic trip information, including name and dates."}, {"name": "TripCreate", "description": "Schema for creating a new trip, inherits from TripBase."}, {"name": "TripRead", "description": "Schema for reading trip details, includes additional UUID and creation timestamp."}, {"name": "DestinationBase", "description": "Basic destination data, including name, country, and description."}, {"name": "DestinationCreate", "description": "Schema for creating a new destination, inherits from DestinationBase."}, {"name": "DestinationRead", "description": "Schema for reading destination details, includes UUID."}, {"name": "DestinationSearchResult", "description": "Narrow schema optimized for search listings, includes optional city and popularity."}, {"name": "DestinationSearchResponse", "description": "Paginated response schema for destination search results."}, {"name": "ItineraryItemBase", "description": "Schema for basic itinerary item details, including associated trip and destination."}, {"name": "ItineraryItemCreate", "description": "Schema for creating an itinerary item, inherits from ItineraryItemBase."}, {"name": "ItineraryItemRead", "description": "Schema for reading itinerary item details, includes UUID."}, {"name": "NoteBase", "description": "Base schema for notes attached to trips."}, {"name": "NoteCreate", "description": "Schema for creating a note, inherits from NoteBase."}, {"name": "NoteRead", "description": "Schema for reading note details, includes UUID and timestamp."}, {"name": "ReminderBase", "description": "Base schema for reminders linked to trips."}, {"name": "ReminderCreate", "description": "Schema for creating a reminder, inherits from ReminderBase."}, {"name": "ReminderRead", "description": "Schema for reading reminder details, includes UUID and timestamp."}], "calls": [], "search-terms": ["Pydantic schemas", "trip", "destination", "itinerary", "note", "reminder", "UUID", "search results", "trip dates", "destination search"], "state": 2, "file_id": 9, "knowledge_revision": 34, "git_revision": "158bcdec041d76b19dbcbaac58f62641a7fad2e0", "revision_history": [{"20": ""}, {"34": "158bcdec041d76b19dbcbaac58f62641a7fad2e0"}], "ctags": [{"_type": "tag", "name": "DestinationBase", "path": "/home/kavia/workspace/code-generation/travel-planner-pro-214723-214732/travel_planner_backend/src/schemas/travel.py", "pattern": "/^class DestinationBase(_BaseSchema):$/", "language": "Python", "kind": "class"}, {"_type": "tag", "name": "DestinationCreate", "path": "/home/kavia/workspace/code-generation/travel-planner-pro-214723-214732/travel_planner_backend/src/schemas/travel.py", "pattern": "/^class DestinationCreate(DestinationBase):$/", "language": "Python", "kind": "class"}, {"_type": "tag", "name": "DestinationRead", "path": "/home/kavia/workspace/code-generation/travel-planner-pro-214723-214732/travel_planner_backend/src/schemas/travel.py", "pattern": "/^class DestinationRead(DestinationBase):$/", "language": "Python", "kind": "class"}, {"_type": "tag", "name": "DestinationSearchResponse", "path": "/home/kavia/workspace/code-generation/travel-planner-pro-214723-214732/travel_planner_backend/src/schemas/travel.py", "pattern": "/^class DestinationSearchResponse(_BaseSchema):$/", "language": "Python", "kind": "class"}, {"_type": "tag", "name": "DestinationSearchResult", "path": "/home/kavia/workspace/code-generation/travel-planner-pro-214723-214732/travel_planner_backend/src/schemas/travel.py", "pattern": "/^class DestinationSearchResult(_BaseSchema):$/", "language": "Python", "kind": "class"}, {"_type": "tag", "name": "ItineraryItemBase", "path": "/home/kavia/workspace/code-generation/travel-planner-pro-214723-214732/travel_planner_backend/src/schemas/travel.py", "pattern": "/^class ItineraryItemBase(_BaseSchema):$/", "language": "Python", "kind": "class"}, {"_type": "tag", "name": "ItineraryItemCreate", "path": "/home/kavia/workspace/code-generation/travel-planner-pro-214723-214732/travel_planner_backend/src/schemas/travel.py", "pattern": "/^class ItineraryItemCreate(ItineraryItemBase):$/", "language": "Python", "kind": "class"}, {"_type": "tag", "name": "ItineraryItemRead", "path": "/home/kavia/workspace/code-generation/travel-planner-pro-214723-214732/travel_planner_backend/src/schemas/travel.py", "pattern": "/^class ItineraryItemRead(ItineraryItemBase):$/", "language": "Python", "kind": "class"}, {"_type": "tag", "name": "NoteBase", "path": "/home/kavia/workspace/code-generation/travel-planner-pro-214723-214732/travel_planner_backend/src/schemas/travel.py", "pattern": "/^class NoteBase(_BaseSchema):$/", "language": "Python", "kind": "class"}, {"_type": "tag", "name": "NoteCreate", "path": "/home/kavia/workspace/code-generation/travel-planner-pro-214723-214732/travel_planner_backend/src/schemas/travel.py", "pattern": "/^class NoteCreate(NoteBase):$/", "language": "Python", "kind": "class"}, {"_type": "tag", "name": "NoteRead", "path": "/home/kavia/workspace/code-generation/travel-planner-pro-214723-214732/travel_planner_backend/src/schemas/travel.py", "pattern": "/^class NoteRead(NoteBase):$/", "language": "Python", "kind": "class"}, {"_type": "tag", "name": "ReminderBase", "path": "/home/kavia/workspace/code-generation/travel-planner-pro-214723-214732/travel_planner_backend/src/schemas/travel.py", "pattern": "/^class ReminderBase(_BaseSchema):$/", "language": "Python", "kind": "class"}, {"_type": "tag", "name": "ReminderCreate", "path": "/home/kavia/workspace/code-generation/travel-planner-pro-214723-214732/travel_planner_backend/src/schemas/travel.py", "pattern": "/^class ReminderCreate(ReminderBase):$/", "language": "Python", "kind": "class"}, {"_type": "tag", "name": "ReminderRead", "path": "/home/kavia/workspace/code-generation/travel-planner-pro-214723-214732/travel_planner_backend/src/schemas/travel.py", "pattern": "/^class ReminderRead(ReminderBase):$/", "language": "Python", "kind": "class"}, {"_type": "tag", "name": "TripBase", "path": "/home/kavia/workspace/code-generation/travel-planner-pro-214723-214732/travel_planner_backend/src/schemas/travel.py", "pattern": "/^class TripBase(_BaseSchema):$/", "language": "Python", "kind": "class"}, {"_type": "tag", "name": "TripCreate", "path": "/home/kavia/workspace/code-generation/travel-planner-pro-214723-214732/travel_planner_backend/src/schemas/travel.py", "pattern": "/^class TripCreate(TripBase):$/", "language": "Python", "kind": "class"}, {"_type": "tag", "name": "TripRead", "path": "/home/kavia/workspace/code-generation/travel-planner-pro-214723-214732/travel_planner_backend/src/schemas/travel.py", "pattern": "/^class TripRead(TripBase):$/", "language": "Python", "kind": "class"}, {"_type": "tag", "name": "_BaseSchema", "path": "/home/kavia/workspace/code-generation/travel-planner-pro-214723-214732/travel_planner_backend/src/schemas/travel.py", "pattern": "/^class _BaseSchema(BaseModel):$/", "language": "Python", "kind": "class"}, {"_type": "tag", "name": "city", "path": "/home/kavia/workspace/code-generation/travel-planner-pro-214723-214732/travel_planner_backend/src/schemas/travel.py", "pattern": "/^    city: Optional[str] = Field(None, description=\"City\", max_length=100)$/", "language": "Python", "typeref": "typename:Optional[str]", "kind": "variable", "scope": "DestinationSearchResult", "scopeKind": "class"}, {"_type": "tag", "name": "content", "path": "/home/kavia/workspace/code-generation/travel-planner-pro-214723-214732/travel_planner_backend/src/schemas/travel.py", "pattern": "/^    content: str = Field(..., description=\"Note content\")$/", "language": "Python", "typeref": "typename:str", "kind": "variable", "scope": "NoteBase", "scopeKind": "class"}, {"_type": "tag", "name": "country", "path": "/home/kavia/workspace/code-generation/travel-planner-pro-214723-214732/travel_planner_backend/src/schemas/travel.py", "pattern": "/^    country: Optional[str] = Field(None, description=\"Country\", max_length=100)$/", "language": "Python", "typeref": "typename:Optional[str]", "kind": "variable", "scope": "DestinationBase", "scopeKind": "class"}, {"_type": "tag", "name": "country", "path": "/home/kavia/workspace/code-generation/travel-planner-pro-214723-214732/travel_planner_backend/src/schemas/travel.py", "pattern": "/^    country: Optional[str] = Field(None, description=\"Country\", max_length=100)$/", "language": "Python", "typeref": "typename:Optional[str]", "kind": "variable", "scope": "DestinationSearchResult", "scopeKind": "class"}, {"_type": "tag", "name": "created_at", "path": "/home/kavia/workspace/code-generation/travel-planner-pro-214723-214732/travel_planner_backend/src/schemas/travel.py", "pattern": "/^    created_at: datetime = Field(..., description=\"Timestamp when reminder was created\")$/", "language": "Python", "typeref": "typename:datetime", "kind": "variable", "scope": "ReminderRead", "scopeKind": "class"}, {"_type": "tag", "name": "created_at", "path": "/home/kavia/workspace/code-generation/travel-planner-pro-214723-214732/travel_planner_backend/src/schemas/travel.py", "pattern": "/^    created_at: datetime = Field(..., description=\"Timestamp when the note was created\")$/", "language": "Python", "typeref": "typename:datetime", "kind": "variable", "scope": "NoteRead", "scopeKind": "class"}, {"_type": "tag", "name": "created_at", "path": "/home/kavia/workspace/code-generation/travel-planner-pro-214723-214732/travel_planner_backend/src/schemas/travel.py", "pattern": "/^    created_at: datetime = Field(..., description=\"Timestamp when the trip was created\")$/", "language": "Python", "typeref": "typename:datetime", "kind": "variable", "scope": "TripRead", "scopeKind": "class"}, {"_type": "tag", "name": "day", "path": "/home/kavia/workspace/code-generation/travel-planner-pro-214723-214732/travel_planner_backend/src/schemas/travel.py", "pattern": "/^    day: int = Field(..., description=\"Day number within trip (1..N)\", ge=1)$/", "language": "Python", "typeref": "typename:int", "kind": "variable", "scope": "ItineraryItemBase", "scopeKind": "class"}, {"_type": "tag", "name": "description", "path": "/home/kavia/workspace/code-generation/travel-planner-pro-214723-214732/travel_planner_backend/src/schemas/travel.py", "pattern": "/^    description: Optional[str] = Field(None, description=\"Details\")$/", "language": "Python", "typeref": "typename:Optional[str]", "kind": "variable", "scope": "ItineraryItemBase", "scopeKind": "class"}, {"_type": "tag", "name": "description", "path": "/home/kavia/workspace/code-generation/travel-planner-pro-214723-214732/travel_planner_backend/src/schemas/travel.py", "pattern": "/^    description: Optional[str] = Field(None, description=\"Free-form description\")$/", "language": "Python", "typeref": "typename:Optional[str]", "kind": "variable", "scope": "DestinationBase", "scopeKind": "class"}, {"_type": "tag", "name": "destination_id", "path": "/home/kavia/workspace/code-generation/travel-planner-pro-214723-214732/travel_planner_backend/src/schemas/travel.py", "pattern": "/^    destination_id: Optional[uuid.UUID] = Field(None, description=\"Optional destination UUID\")$/", "language": "Python", "typeref": "typename:Optional[uuid.UUID]", "kind": "variable", "scope": "ItineraryItemBase", "scopeKind": "class"}, {"_type": "tag", "name": "end_date", "path": "/home/kavia/workspace/code-generation/travel-planner-pro-214723-214732/travel_planner_backend/src/schemas/travel.py", "pattern": "/^    end_date: Optional[date] = Field(None, description=\"Trip end date\")$/", "language": "Python", "typeref": "typename:Optional[date]", "kind": "variable", "scope": "TripBase", "scopeKind": "class"}, {"_type": "tag", "name": "end_time", "path": "/home/kavia/workspace/code-generation/travel-planner-pro-214723-214732/travel_planner_backend/src/schemas/travel.py", "pattern": "/^    end_time: Optional[datetime] = Field(None, description=\"End datetime (optional)\")$/", "language": "Python", "typeref": "typename:Optional[datetime]", "kind": "variable", "scope": "ItineraryItemBase", "scopeKind": "class"}, {"_type": "tag", "name": "id", "path": "/home/kavia/workspace/code-generation/travel-planner-pro-214723-214732/travel_planner_backend/src/schemas/travel.py", "pattern": "/^    id: uuid.UUID = Field(..., description=\"Destination UUID\")$/", "language": "Python", "typeref": "typename:uuid.UUID", "kind": "variable", "scope": "DestinationRead", "scopeKind": "class"}, {"_type": "tag", "name": "id", "path": "/home/kavia/workspace/code-generation/travel-planner-pro-214723-214732/travel_planner_backend/src/schemas/travel.py", "pattern": "/^    id: uuid.UUID = Field(..., description=\"Destination UUID\")$/", "language": "Python", "typeref": "typename:uuid.UUID", "kind": "variable", "scope": "DestinationSearchResult", "scopeKind": "class"}, {"_type": "tag", "name": "id", "path": "/home/kavia/workspace/code-generation/travel-planner-pro-214723-214732/travel_planner_backend/src/schemas/travel.py", "pattern": "/^    id: uuid.UUID = Field(..., description=\"Itinerary item UUID\")$/", "language": "Python", "typeref": "typename:uuid.UUID", "kind": "variable", "scope": "ItineraryItemRead", "scopeKind": "class"}, {"_type": "tag", "name": "id", "path": "/home/kavia/workspace/code-generation/travel-planner-pro-214723-214732/travel_planner_backend/src/schemas/travel.py", "pattern": "/^    id: uuid.UUID = Field(..., description=\"Note UUID\")$/", "language": "Python", "typeref": "typename:uuid.UUID", "kind": "variable", "scope": "NoteRead", "scopeKind": "class"}, {"_type": "tag", "name": "id", "path": "/home/kavia/workspace/code-generation/travel-planner-pro-214723-214732/travel_planner_backend/src/schemas/travel.py", "pattern": "/^    id: uuid.UUID = Field(..., description=\"Reminder UUID\")$/", "language": "Python", "typeref": "typename:uuid.UUID", "kind": "variable", "scope": "ReminderRead", "scopeKind": "class"}, {"_type": "tag", "name": "id", "path": "/home/kavia/workspace/code-generation/travel-planner-pro-214723-214732/travel_planner_backend/src/schemas/travel.py", "pattern": "/^    id: uuid.UUID = Field(..., description=\"Trip UUID\")$/", "language": "Python", "typeref": "typename:uuid.UUID", "kind": "variable", "scope": "TripRead", "scopeKind": "class"}, {"_type": "tag", "name": "items", "path": "/home/kavia/workspace/code-generation/travel-planner-pro-214723-214732/travel_planner_backend/src/schemas/travel.py", "pattern": "/^    items: list[DestinationSearchResult] = Field(..., description=\"Matching destinations in the /", "language": "Python", "typeref": "typename:list[DestinationSearchResult]", "kind": "variable", "scope": "DestinationSearchResponse", "scopeKind": "class"}, {"_type": "tag", "name": "limit", "path": "/home/kavia/workspace/code-generation/travel-planner-pro-214723-214732/travel_planner_backend/src/schemas/travel.py", "pattern": "/^    limit: int = Field(..., description=\"Page size limit used for this response\", ge=1, le=100)$/", "language": "Python", "typeref": "typename:int", "kind": "variable", "scope": "DestinationSearchResponse", "scopeKind": "class"}, {"_type": "tag", "name": "message", "path": "/home/kavia/workspace/code-generation/travel-planner-pro-214723-214732/travel_planner_backend/src/schemas/travel.py", "pattern": "/^    message: str = Field(..., description=\"Reminder message\", max_length=255)$/", "language": "Python", "typeref": "typename:str", "kind": "variable", "scope": "ReminderBase", "scopeKind": "class"}, {"_type": "tag", "name": "model_config", "path": "/home/kavia/workspace/code-generation/travel-planner-pro-214723-214732/travel_planner_backend/src/schemas/travel.py", "pattern": "/^    model_config = ConfigDict(from_attributes=True)$/", "language": "Python", "kind": "variable", "scope": "_BaseSchema", "scopeKind": "class"}, {"_type": "tag", "name": "name", "path": "/home/kavia/workspace/code-generation/travel-planner-pro-214723-214732/travel_planner_backend/src/schemas/travel.py", "pattern": "/^    name: str = Field(..., description=\"Destination name\", max_length=200)$/", "language": "Python", "typeref": "typename:str", "kind": "variable", "scope": "DestinationBase", "scopeKind": "class"}, {"_type": "tag", "name": "name", "path": "/home/kavia/workspace/code-generation/travel-planner-pro-214723-214732/travel_planner_backend/src/schemas/travel.py", "pattern": "/^    name: str = Field(..., description=\"Destination name\", max_length=200)$/", "language": "Python", "typeref": "typename:str", "kind": "variable", "scope": "DestinationSearchResult", "scopeKind": "class"}, {"_type": "tag", "name": "name", "path": "/home/kavia/workspace/code-generation/travel-planner-pro-214723-214732/travel_planner_backend/src/schemas/travel.py", "pattern": "/^    name: str = Field(..., description=\"Trip name\", max_length=200)$/", "language": "Python", "typeref": "typename:str", "kind": "variable", "scope": "TripBase", "scopeKind": "class"}, {"_type": "tag", "name": "offset", "path": "/home/kavia/workspace/code-generation/travel-planner-pro-214723-214732/travel_planner_backend/src/schemas/travel.py", "pattern": "/^    offset: int = Field(..., description=\"Offset used for this response\", ge=0)$/", "language": "Python", "typeref": "typename:int", "kind": "variable", "scope": "DestinationSearchResponse", "scopeKind": "class"}, {"_type": "tag", "name": "popularity", "path": "/home/kavia/workspace/code-generation/travel-planner-pro-214723-214732/travel_planner_backend/src/schemas/travel.py", "pattern": "/^    popularity: Optional[int] = Field(None, description=\"Popularity score (higher means more pop/", "language": "Python", "typeref": "typename:Optional[int]", "kind": "variable", "scope": "DestinationSearchResult", "scopeKind": "class"}, {"_type": "tag", "name": "remind_at", "path": "/home/kavia/workspace/code-generation/travel-planner-pro-214723-214732/travel_planner_backend/src/schemas/travel.py", "pattern": "/^    remind_at: datetime = Field(..., description=\"When to remind (datetime)\")$/", "language": "Python", "typeref": "typename:datetime", "kind": "variable", "scope": "ReminderBase", "scopeKind": "class"}, {"_type": "tag", "name": "score", "path": "/home/kavia/workspace/code-generation/travel-planner-pro-214723-214732/travel_planner_backend/src/schemas/travel.py", "pattern": "/^    score: Optional[float] = Field(None, description=\"Optional search relevance score (if availa/", "language": "Python", "typeref": "typename:Optional[float]", "kind": "variable", "scope": "DestinationSearchResult", "scopeKind": "class"}, {"_type": "tag", "name": "start_date", "path": "/home/kavia/workspace/code-generation/travel-planner-pro-214723-214732/travel_planner_backend/src/schemas/travel.py", "pattern": "/^    start_date: Optional[date] = Field(None, description=\"Trip start date\")$/", "language": "Python", "typeref": "typename:Optional[date]", "kind": "variable", "scope": "TripBase", "scopeKind": "class"}, {"_type": "tag", "name": "start_time", "path": "/home/kavia/workspace/code-generation/travel-planner-pro-214723-214732/travel_planner_backend/src/schemas/travel.py", "pattern": "/^    start_time: Optional[datetime] = Field(None, description=\"Start datetime (optional)\")$/", "language": "Python", "typeref": "typename:Optional[datetime]", "kind": "variable", "scope": "ItineraryItemBase", "scopeKind": "class"}, {"_type": "tag", "name": "title", "path": "/home/kavia/workspace/code-generation/travel-planner-pro-214723-214732/travel_planner_backend/src/schemas/travel.py", "pattern": "/^    title: str = Field(..., description=\"Itinerary item title\", max_length=200)$/", "language": "Python", "typeref": "typename:str", "kind": "variable", "scope": "ItineraryItemBase", "scopeKind": "class"}, {"_type": "tag", "name": "total", "path": "/home/kavia/workspace/code-generation/travel-planner-pro-214723-214732/travel_planner_backend/src/schemas/travel.py", "pattern": "/^    total: int = Field(..., description=\"Total number of matching destinations (ignores paginati/", "language": "Python", "typeref": "typename:int", "kind": "variable", "scope": "DestinationSearchResponse", "scopeKind": "class"}, {"_type": "tag", "name": "trip_id", "path": "/home/kavia/workspace/code-generation/travel-planner-pro-214723-214732/travel_planner_backend/src/schemas/travel.py", "pattern": "/^    trip_id: uuid.UUID = Field(..., description=\"Trip UUID\")$/", "language": "Python", "typeref": "typename:uuid.UUID", "kind": "variable", "scope": "ItineraryItemBase", "scopeKind": "class"}, {"_type": "tag", "name": "trip_id", "path": "/home/kavia/workspace/code-generation/travel-planner-pro-214723-214732/travel_planner_backend/src/schemas/travel.py", "pattern": "/^    trip_id: uuid.UUID = Field(..., description=\"Trip UUID\")$/", "language": "Python", "typeref": "typename:uuid.UUID", "kind": "variable", "scope": "NoteBase", "scopeKind": "class"}, {"_type": "tag", "name": "trip_id", "path": "/home/kavia/workspace/code-generation/travel-planner-pro-214723-214732/travel_planner_backend/src/schemas/travel.py", "pattern": "/^    trip_id: uuid.UUID = Field(..., description=\"Trip UUID\")$/", "language": "Python", "typeref": "typename:uuid.UUID", "kind": "variable", "scope": "ReminderBase", "scopeKind": "class"}], "hash": "6a2bf21afc29f2a4147207508e4a1c6d", "format-version": 4, "code-base-name": "travel_planner_backend", "filename": "travel_planner_backend/src/schemas/travel.py", "fields": [{"name": "Optional[str] city", "scope": "DestinationSearchResult", "scopeKind": "class", "description": "unavailable"}, {"name": "str content", "scope": "NoteBase", "scopeKind": "class", "description": "unavailable"}, {"name": "Optional[str] country", "scope": "DestinationBase", "scopeKind": "class", "description": "unavailable"}, {"name": "datetime created_at", "scope": "ReminderRead", "scopeKind": "class", "description": "unavailable"}, {"name": "int day", "scope": "ItineraryItemBase", "scopeKind": "class", "description": "unavailable"}, {"name": "Optional[str] description", "scope": "ItineraryItemBase", "scopeKind": "class", "description": "unavailable"}, {"name": "Optional[uuid.UUID] destination_id", "scope": "ItineraryItemBase", "scopeKind": "class", "description": "unavailable"}, {"name": "Optional[date] end_date", "scope": "TripBase", "scopeKind": "class", "description": "unavailable"}, {"name": "Optional[datetime] end_time", "scope": "ItineraryItemBase", "scopeKind": "class", "description": "unavailable"}, {"name": "uuid.UUID id", "scope": "DestinationRead", "scopeKind": "class", "description": "unavailable"}, {"name": "list[DestinationSearchResult] items", "scope": "DestinationSearchResponse", "scopeKind": "class", "description": "unavailable"}, {"name": "int limit", "scope": "DestinationSearchResponse", "scopeKind": "class", "description": "unavailable"}, {"name": "str message", "scope": "ReminderBase", "scopeKind": "class", "description": "unavailable"}, {"name": "model_config = ConfigDict(from_attributes=True)", "scope": "_BaseSchema", "scopeKind": "class", "description": "unavailable"}, {"name": "str name", "scope": "DestinationBase", "scopeKind": "class", "description": "unavailable"}, {"name": "int offset", "scope": "DestinationSearchResponse", "scopeKind": "class", "description": "unavailable"}, {"name": "Optional[int] popularity", "scope": "DestinationSearchResult", "scopeKind": "class", "description": "unavailable"}, {"name": "datetime remind_at", "scope": "ReminderBase", "scopeKind": "class", "description": "unavailable"}, {"name": "Optional[float] score", "scope": "DestinationSearchResult", "scopeKind": "class", "description": "unavailable"}, {"name": "Optional[date] start_date", "scope": "TripBase", "scopeKind": "class", "description": "unavailable"}, {"name": "Optional[datetime] start_time", "scope": "ItineraryItemBase", "scopeKind": "class", "description": "unavailable"}, {"name": "str title", "scope": "ItineraryItemBase", "scopeKind": "class", "description": "unavailable"}, {"name": "int total", "scope": "DestinationSearchResponse", "scopeKind": "class", "description": "unavailable"}, {"name": "uuid.UUID trip_id", "scope": "ItineraryItemBase", "scopeKind": "class", "description": "unavailable"}]}