{"is_source_file": true, "format": "Python", "description": "This file is the main entry point for the FastAPI backend application. It initializes the FastAPI app, adds CORS middleware, registers route modules, and defines health check endpoints for system status and database connectivity.", "external_files": ["src/api/routes/trips.py", "src/db/session.py"], "external_methods": ["src.db.session.get_db"], "published": ["app"], "classes": [], "methods": [{"name": "health_check()", "description": "A health check endpoint that returns a simple 'Healthy' message to verify the service is running.", "scope": "", "scopeKind": ""}, {"name": "db_health_check(db: Session = Depends(get_db))", "description": "An endpoint that performs a simple 'SELECT 1' query against the database to verify connectivity.", "scope": "", "scopeKind": ""}], "calls": ["fastapi.FastAPI", "fastapi.middleware.cors.CORSMiddleware", "sqlalchemy.text", "sqlalchemy.orm.Session", "src.api.routes.trips.router", "src.db.session.get_db", "app.include_router", "app.add_middleware", "app.get"], "search-terms": ["main.py", "FastAPI", "health check", "CORS middleware", "trips_router", "database connectivity", "API endpoints"], "state": 3, "file_id": 2, "knowledge_revision": 25, "git_revision": "dab40099262f9c79ab35527b0724b028609971f2", "revision_history": [{"8": "a518ee0ec0e43de50aa829f1308121f2782da43f"}, {"22": "158bcdec041d76b19dbcbaac58f62641a7fad2e0"}, {"25": "dab40099262f9c79ab35527b0724b028609971f2"}], "ctags": [{"_type": "tag", "name": "app", "path": "/home/kavia/workspace/code-generation/travel-planner-pro-214723-214732/travel_planner_backend/src/api/main.py", "pattern": "/^app = FastAPI($/", "language": "Python", "kind": "variable"}, {"_type": "tag", "name": "db_health_check", "path": "/home/kavia/workspace/code-generation/travel-planner-pro-214723-214732/travel_planner_backend/src/api/main.py", "pattern": "/^def db_health_check(db: Session = Depends(get_db)):$/", "language": "Python", "kind": "function", "signature": "(db: Session = Depends(get_db))"}, {"_type": "tag", "name": "health_check", "path": "/home/kavia/workspace/code-generation/travel-planner-pro-214723-214732/travel_planner_backend/src/api/main.py", "pattern": "/^def health_check():$/", "language": "Python", "kind": "function", "signature": "()"}, {"_type": "tag", "name": "openapi_tags", "path": "/home/kavia/workspace/code-generation/travel-planner-pro-214723-214732/travel_planner_backend/src/api/main.py", "pattern": "/^openapi_tags = [$/", "language": "Python", "kind": "variable"}, {"_type": "tag", "name": "trips_router", "path": "/home/kavia/workspace/code-generation/travel-planner-pro-214723-214732/travel_planner_backend/src/api/main.py", "pattern": "/^from src.api.routes.trips import router as trips_router$/", "language": "Python", "kind": "unknown", "nameref": "unknown:router"}], "hash": "11d2458d3d2139c86e59b09dd9d24042", "format-version": 4, "code-base-name": "travel_planner_backend", "filename": "travel_planner_backend/src/api/main.py", "fields": [{"name": "app = FastAPI(", "scope": "", "scopeKind": "", "description": "unavailable"}, {"name": "openapi_tags = [", "scope": "", "scopeKind": "", "description": "unavailable"}]}