{"is_source_file": true, "format": "Python", "description": "This source file sets up a FastAPI web server, configuring CORS middleware and defining a basic health check endpoint.", "external_files": ["fastapi", "fastapi.middleware.cors"], "external_methods": ["FastAPI", "CORSMiddleware", "app.add_middleware", "@app.get"], "published": ["app"], "classes": [], "methods": [{"name": "health_check()", "description": "Defines a GET endpoint at '/' that returns a JSON message indicating server health.", "scope": "", "scopeKind": ""}], "calls": ["FastAPI()", "CORSMiddleware", "app.add_middleware", "@app.get"], "search-terms": ["FastAPI", "CORS", "health endpoint", "main.py", "API setup"], "state": 2, "file_id": 2, "knowledge_revision": 8, "git_revision": "a518ee0ec0e43de50aa829f1308121f2782da43f", "ctags": [{"_type": "tag", "name": "app", "path": "/home/kavia/workspace/code-generation/travel-planner-pro-214723-214732/travel_planner_backend/src/api/main.py", "pattern": "/^app = FastAPI()$/", "language": "Python", "kind": "variable"}, {"_type": "tag", "name": "health_check", "path": "/home/kavia/workspace/code-generation/travel-planner-pro-214723-214732/travel_planner_backend/src/api/main.py", "pattern": "/^def health_check():$/", "language": "Python", "kind": "function", "signature": "()"}], "hash": "58352bf5f133908bab16643199aa483d", "format-version": 4, "code-base-name": "travel_planner_backend", "filename": "travel_planner_backend/src/api/main.py", "fields": [{"name": "app = FastAPI()", "scope": "", "scopeKind": "", "description": "unavailable"}], "revision_history": [{"8": "a518ee0ec0e43de50aa829f1308121f2782da43f"}]}