{"is_source_file": true, "format": "Python", "description": "This file defines ORM models for the core database entities in the travel planner application, including Trip, Destination, ItineraryItem, Note, and Reminder, along with database indexes.", "external_files": ["src/db/session.py"], "external_methods": [], "published": ["Trip", "Destination", "ItineraryItem", "Note", "Reminder"], "classes": [{"name": "Trip", "description": "ORM model for trips, including relationships to itinerary items, notes, and reminders."}, {"name": "Destination", "description": "ORM model for destinations, including relationship to itinerary items."}, {"name": "ItineraryItem", "description": "ORM model for individual itinerary entries, linked to a trip and possibly a destination."}, {"name": "Note", "description": "ORM model for notes associated with a trip."}, {"name": "Reminder", "description": "ORM model for reminders related to a trip."}], "methods": [], "calls": ["mapped_column", "relationship", "Index"], "search-terms": ["ORM models", "SQLAlchemy", "trip schema", "destinations", "itinerary items", "notes", "reminders", "UUID", "database indexes"], "state": 2, "file_id": 8, "knowledge_revision": 17, "git_revision": "", "ctags": [{"_type": "tag", "name": "Destination", "path": "/home/kavia/workspace/code-generation/travel-planner-pro-214723-214732/travel_planner_backend/src/db/models.py", "pattern": "/^class Destination(Base):$/", "language": "Python", "kind": "class"}, {"_type": "tag", "name": "ItineraryItem", "path": "/home/kavia/workspace/code-generation/travel-planner-pro-214723-214732/travel_planner_backend/src/db/models.py", "pattern": "/^class ItineraryItem(Base):$/", "language": "Python", "kind": "class"}, {"_type": "tag", "name": "Note", "path": "/home/kavia/workspace/code-generation/travel-planner-pro-214723-214732/travel_planner_backend/src/db/models.py", "pattern": "/^class Note(Base):$/", "language": "Python", "kind": "class"}, {"_type": "tag", "name": "Reminder", "path": "/home/kavia/workspace/code-generation/travel-planner-pro-214723-214732/travel_planner_backend/src/db/models.py", "pattern": "/^class Reminder(Base):$/", "language": "Python", "kind": "class"}, {"_type": "tag", "name": "Trip", "path": "/home/kavia/workspace/code-generation/travel-planner-pro-214723-214732/travel_planner_backend/src/db/models.py", "pattern": "/^class Trip(Base):$/", "language": "Python", "kind": "class"}, {"_type": "tag", "name": "__tablename__", "path": "/home/kavia/workspace/code-generation/travel-planner-pro-214723-214732/travel_planner_backend/src/db/models.py", "pattern": "/^    __tablename__ = \"destinations\"$/", "file": true, "language": "Python", "kind": "variable", "scope": "Destination", "scopeKind": "class"}, {"_type": "tag", "name": "__tablename__", "path": "/home/kavia/workspace/code-generation/travel-planner-pro-214723-214732/travel_planner_backend/src/db/models.py", "pattern": "/^    __tablename__ = \"itinerary_items\"$/", "file": true, "language": "Python", "kind": "variable", "scope": "ItineraryItem", "scopeKind": "class"}, {"_type": "tag", "name": "__tablename__", "path": "/home/kavia/workspace/code-generation/travel-planner-pro-214723-214732/travel_planner_backend/src/db/models.py", "pattern": "/^    __tablename__ = \"notes\"$/", "file": true, "language": "Python", "kind": "variable", "scope": "Note", "scopeKind": "class"}, {"_type": "tag", "name": "__tablename__", "path": "/home/kavia/workspace/code-generation/travel-planner-pro-214723-214732/travel_planner_backend/src/db/models.py", "pattern": "/^    __tablename__ = \"reminders\"$/", "file": true, "language": "Python", "kind": "variable", "scope": "Reminder", "scopeKind": "class"}, {"_type": "tag", "name": "__tablename__", "path": "/home/kavia/workspace/code-generation/travel-planner-pro-214723-214732/travel_planner_backend/src/db/models.py", "pattern": "/^    __tablename__ = \"trips\"$/", "file": true, "language": "Python", "kind": "variable", "scope": "Trip", "scopeKind": "class"}, {"_type": "tag", "name": "content", "path": "/home/kavia/workspace/code-generation/travel-planner-pro-214723-214732/travel_planner_backend/src/db/models.py", "pattern": "/^    content: Mapped[str] = mapped_column(Text, nullable=False)$/", "language": "Python", "typeref": "typename:Mapped[str]", "kind": "variable", "scope": "Note", "scopeKind": "class"}, {"_type": "tag", "name": "country", "path": "/home/kavia/workspace/code-generation/travel-planner-pro-214723-214732/travel_planner_backend/src/db/models.py", "pattern": "/^    country: Mapped[str | None] = mapped_column(String(100), nullable=True)$/", "language": "Python", "typeref": "typename:Mapped[str | None]", "kind": "variable", "scope": "Destination", "scopeKind": "class"}, {"_type": "tag", "name": "created_at", "path": "/home/kavia/workspace/code-generation/travel-planner-pro-214723-214732/travel_planner_backend/src/db/models.py", "pattern": "/^    created_at: Mapped[datetime] = mapped_column(DateTime(timezone=True), nullable=False)$/", "language": "Python", "typeref": "typename:Mapped[datetime]", "kind": "variable", "scope": "Note", "scopeKind": "class"}, {"_type": "tag", "name": "created_at", "path": "/home/kavia/workspace/code-generation/travel-planner-pro-214723-214732/travel_planner_backend/src/db/models.py", "pattern": "/^    created_at: Mapped[datetime] = mapped_column(DateTime(timezone=True), nullable=False)$/", "language": "Python", "typeref": "typename:Mapped[datetime]", "kind": "variable", "scope": "Reminder", "scopeKind": "class"}, {"_type": "tag", "name": "created_at", "path": "/home/kavia/workspace/code-generation/travel-planner-pro-214723-214732/travel_planner_backend/src/db/models.py", "pattern": "/^    created_at: Mapped[datetime] = mapped_column(DateTime(timezone=True), nullable=False)$/", "language": "Python", "typeref": "typename:Mapped[datetime]", "kind": "variable", "scope": "Trip", "scopeKind": "class"}, {"_type": "tag", "name": "day", "path": "/home/kavia/workspace/code-generation/travel-planner-pro-214723-214732/travel_planner_backend/src/db/models.py", "pattern": "/^    day: Mapped[int] = mapped_column(Integer, nullable=False)$/", "language": "Python", "typeref": "typename:Mapped[int]", "kind": "variable", "scope": "ItineraryItem", "scopeKind": "class"}, {"_type": "tag", "name": "description", "path": "/home/kavia/workspace/code-generation/travel-planner-pro-214723-214732/travel_planner_backend/src/db/models.py", "pattern": "/^    description: Mapped[str | None] = mapped_column(Text, nullable=True)$/", "language": "Python", "typeref": "typename:Mapped[str | None]", "kind": "variable", "scope": "Destination", "scopeKind": "class"}, {"_type": "tag", "name": "description", "path": "/home/kavia/workspace/code-generation/travel-planner-pro-214723-214732/travel_planner_backend/src/db/models.py", "pattern": "/^    description: Mapped[str | None] = mapped_column(Text, nullable=True)$/", "language": "Python", "typeref": "typename:Mapped[str | None]", "kind": "variable", "scope": "ItineraryItem", "scopeKind": "class"}, {"_type": "tag", "name": "destination", "path": "/home/kavia/workspace/code-generation/travel-planner-pro-214723-214732/travel_planner_backend/src/db/models.py", "pattern": "/^    destination: Mapped[\"Destination\"] = relationship(back_populates=\"itinerary_items\")$/", "language": "Python", "typeref": "typename:Mapped[\"Destination\"]", "kind": "variable", "scope": "ItineraryItem", "scopeKind": "class"}, {"_type": "tag", "name": "destination_id", "path": "/home/kavia/workspace/code-generation/travel-planner-pro-214723-214732/travel_planner_backend/src/db/models.py", "pattern": "/^    destination_id: Mapped[uuid.UUID | None] = mapped_column($/", "language": "Python", "typeref": "typename:Mapped[uuid.UUID | None]", "kind": "variable", "scope": "ItineraryItem", "scopeKind": "class"}, {"_type": "tag", "name": "end_date", "path": "/home/kavia/workspace/code-generation/travel-planner-pro-214723-214732/travel_planner_backend/src/db/models.py", "pattern": "/^    end_date: Mapped[date | None] = mapped_column(Date, nullable=True)$/", "language": "Python", "typeref": "typename:Mapped[date | None]", "kind": "variable", "scope": "Trip", "scopeKind": "class"}, {"_type": "tag", "name": "end_time", "path": "/home/kavia/workspace/code-generation/travel-planner-pro-214723-214732/travel_planner_backend/src/db/models.py", "pattern": "/^    end_time: Mapped[datetime | None] = mapped_column(DateTime(timezone=True), nullable=True)$/", "language": "Python", "typeref": "typename:Mapped[datetime | None]", "kind": "variable", "scope": "ItineraryItem", "scopeKind": "class"}, {"_type": "tag", "name": "id", "path": "/home/kavia/workspace/code-generation/travel-planner-pro-214723-214732/travel_planner_backend/src/db/models.py", "pattern": "/^    id: Mapped[uuid.UUID] = mapped_column(UUID(as_uuid=True), primary_key=True, default=uuid.uui/", "language": "Python", "typeref": "typename:Mapped[uuid.UUID]", "kind": "variable", "scope": "Destination", "scopeKind": "class"}, {"_type": "tag", "name": "id", "path": "/home/kavia/workspace/code-generation/travel-planner-pro-214723-214732/travel_planner_backend/src/db/models.py", "pattern": "/^    id: Mapped[uuid.UUID] = mapped_column(UUID(as_uuid=True), primary_key=True, default=uuid.uui/", "language": "Python", "typeref": "typename:Mapped[uuid.UUID]", "kind": "variable", "scope": "ItineraryItem", "scopeKind": "class"}, {"_type": "tag", "name": "id", "path": "/home/kavia/workspace/code-generation/travel-planner-pro-214723-214732/travel_planner_backend/src/db/models.py", "pattern": "/^    id: Mapped[uuid.UUID] = mapped_column(UUID(as_uuid=True), primary_key=True, default=uuid.uui/", "language": "Python", "typeref": "typename:Mapped[uuid.UUID]", "kind": "variable", "scope": "Note", "scopeKind": "class"}, {"_type": "tag", "name": "id", "path": "/home/kavia/workspace/code-generation/travel-planner-pro-214723-214732/travel_planner_backend/src/db/models.py", "pattern": "/^    id: Mapped[uuid.UUID] = mapped_column(UUID(as_uuid=True), primary_key=True, default=uuid.uui/", "language": "Python", "typeref": "typename:Mapped[uuid.UUID]", "kind": "variable", "scope": "Reminder", "scopeKind": "class"}, {"_type": "tag", "name": "id", "path": "/home/kavia/workspace/code-generation/travel-planner-pro-214723-214732/travel_planner_backend/src/db/models.py", "pattern": "/^    id: Mapped[uuid.UUID] = mapped_column(UUID(as_uuid=True), primary_key=True, default=uuid.uui/", "language": "Python", "typeref": "typename:Mapped[uuid.UUID]", "kind": "variable", "scope": "Trip", "scopeKind": "class"}, {"_type": "tag", "name": "itinerary_items", "path": "/home/kavia/workspace/code-generation/travel-planner-pro-214723-214732/travel_planner_backend/src/db/models.py", "pattern": "/^    itinerary_items: Mapped[list[\"ItineraryItem\"]] = relationship($/", "language": "Python", "typeref": "typename:Mapped[list[\"ItineraryItem\"]]", "kind": "variable", "scope": "Destination", "scopeKind": "class"}, {"_type": "tag", "name": "itinerary_items", "path": "/home/kavia/workspace/code-generation/travel-planner-pro-214723-214732/travel_planner_backend/src/db/models.py", "pattern": "/^    itinerary_items: Mapped[list[\"ItineraryItem\"]] = relationship($/", "language": "Python", "typeref": "typename:Mapped[list[\"ItineraryItem\"]]", "kind": "variable", "scope": "Trip", "scopeKind": "class"}, {"_type": "tag", "name": "message", "path": "/home/kavia/workspace/code-generation/travel-planner-pro-214723-214732/travel_planner_backend/src/db/models.py", "pattern": "/^    message: Mapped[str] = mapped_column(String(255), nullable=False)$/", "language": "Python", "typeref": "typename:Mapped[str]", "kind": "variable", "scope": "Reminder", "scopeKind": "class"}, {"_type": "tag", "name": "name", "path": "/home/kavia/workspace/code-generation/travel-planner-pro-214723-214732/travel_planner_backend/src/db/models.py", "pattern": "/^    name: Mapped[str] = mapped_column(String(200), nullable=False)$/", "language": "Python", "typeref": "typename:Mapped[str]", "kind": "variable", "scope": "Destination", "scopeKind": "class"}, {"_type": "tag", "name": "name", "path": "/home/kavia/workspace/code-generation/travel-planner-pro-214723-214732/travel_planner_backend/src/db/models.py", "pattern": "/^    name: Mapped[str] = mapped_column(String(200), nullable=False)$/", "language": "Python", "typeref": "typename:Mapped[str]", "kind": "variable", "scope": "Trip", "scopeKind": "class"}, {"_type": "tag", "name": "notes", "path": "/home/kavia/workspace/code-generation/travel-planner-pro-214723-214732/travel_planner_backend/src/db/models.py", "pattern": "/^    notes: Mapped[list[\"Note\"]] = relationship($/", "language": "Python", "typeref": "typename:Mapped[list[\"Note\"]]", "kind": "variable", "scope": "Trip", "scopeKind": "class"}, {"_type": "tag", "name": "remind_at", "path": "/home/kavia/workspace/code-generation/travel-planner-pro-214723-214732/travel_planner_backend/src/db/models.py", "pattern": "/^    remind_at: Mapped[datetime] = mapped_column(DateTime(timezone=True), nullable=False)$/", "language": "Python", "typeref": "typename:Mapped[datetime]", "kind": "variable", "scope": "Reminder", "scopeKind": "class"}, {"_type": "tag", "name": "reminders", "path": "/home/kavia/workspace/code-generation/travel-planner-pro-214723-214732/travel_planner_backend/src/db/models.py", "pattern": "/^    reminders: Mapped[list[\"Reminder\"]] = relationship($/", "language": "Python", "typeref": "typename:Mapped[list[\"Reminder\"]]", "kind": "variable", "scope": "Trip", "scopeKind": "class"}, {"_type": "tag", "name": "start_date", "path": "/home/kavia/workspace/code-generation/travel-planner-pro-214723-214732/travel_planner_backend/src/db/models.py", "pattern": "/^    start_date: Mapped[date | None] = mapped_column(Date, nullable=True)$/", "language": "Python", "typeref": "typename:Mapped[date | None]", "kind": "variable", "scope": "Trip", "scopeKind": "class"}, {"_type": "tag", "name": "start_time", "path": "/home/kavia/workspace/code-generation/travel-planner-pro-214723-214732/travel_planner_backend/src/db/models.py", "pattern": "/^    start_time: Mapped[datetime | None] = mapped_column(DateTime(timezone=True), nullable=True)$/", "language": "Python", "typeref": "typename:Mapped[datetime | None]", "kind": "variable", "scope": "ItineraryItem", "scopeKind": "class"}, {"_type": "tag", "name": "title", "path": "/home/kavia/workspace/code-generation/travel-planner-pro-214723-214732/travel_planner_backend/src/db/models.py", "pattern": "/^    title: Mapped[str] = mapped_column(String(200), nullable=False)$/", "language": "Python", "typeref": "typename:Mapped[str]", "kind": "variable", "scope": "ItineraryItem", "scopeKind": "class"}, {"_type": "tag", "name": "trip", "path": "/home/kavia/workspace/code-generation/travel-planner-pro-214723-214732/travel_planner_backend/src/db/models.py", "pattern": "/^    trip: Mapped[\"Trip\"] = relationship(back_populates=\"itinerary_items\")$/", "language": "Python", "typeref": "typename:Mapped[\"Trip\"]", "kind": "variable", "scope": "ItineraryItem", "scopeKind": "class"}, {"_type": "tag", "name": "trip", "path": "/home/kavia/workspace/code-generation/travel-planner-pro-214723-214732/travel_planner_backend/src/db/models.py", "pattern": "/^    trip: Mapped[\"Trip\"] = relationship(back_populates=\"notes\")$/", "language": "Python", "typeref": "typename:Mapped[\"Trip\"]", "kind": "variable", "scope": "Note", "scopeKind": "class"}, {"_type": "tag", "name": "trip", "path": "/home/kavia/workspace/code-generation/travel-planner-pro-214723-214732/travel_planner_backend/src/db/models.py", "pattern": "/^    trip: Mapped[\"Trip\"] = relationship(back_populates=\"reminders\")$/", "language": "Python", "typeref": "typename:Mapped[\"Trip\"]", "kind": "variable", "scope": "Reminder", "scopeKind": "class"}, {"_type": "tag", "name": "trip_id", "path": "/home/kavia/workspace/code-generation/travel-planner-pro-214723-214732/travel_planner_backend/src/db/models.py", "pattern": "/^    trip_id: Mapped[uuid.UUID] = mapped_column($/", "language": "Python", "typeref": "typename:Mapped[uuid.UUID]", "kind": "variable", "scope": "ItineraryItem", "scopeKind": "class"}, {"_type": "tag", "name": "trip_id", "path": "/home/kavia/workspace/code-generation/travel-planner-pro-214723-214732/travel_planner_backend/src/db/models.py", "pattern": "/^    trip_id: Mapped[uuid.UUID] = mapped_column($/", "language": "Python", "typeref": "typename:Mapped[uuid.UUID]", "kind": "variable", "scope": "Note", "scopeKind": "class"}, {"_type": "tag", "name": "trip_id", "path": "/home/kavia/workspace/code-generation/travel-planner-pro-214723-214732/travel_planner_backend/src/db/models.py", "pattern": "/^    trip_id: Mapped[uuid.UUID] = mapped_column($/", "language": "Python", "typeref": "typename:Mapped[uuid.UUID]", "kind": "variable", "scope": "Reminder", "scopeKind": "class"}], "hash": "51fa22525e2102833c3f24f4578c549a", "format-version": 4, "code-base-name": "travel_planner_backend", "filename": "travel_planner_backend/src/db/models.py", "fields": [{"name": "__tablename__ = \"destinations\"", "scope": "Destination", "scopeKind": "class", "description": "unavailable"}, {"name": "__tablename__ = \"itinerary_items\"", "scope": "ItineraryItem", "scopeKind": "class", "description": "unavailable"}, {"name": "__tablename__ = \"notes\"", "scope": "Note", "scopeKind": "class", "description": "unavailable"}, {"name": "__tablename__ = \"reminders\"", "scope": "Reminder", "scopeKind": "class", "description": "unavailable"}, {"name": "__tablename__ = \"trips\"", "scope": "Trip", "scopeKind": "class", "description": "unavailable"}, {"name": "Mapped[str] content", "scope": "Note", "scopeKind": "class", "description": "unavailable"}, {"name": "Mapped[str | None] country", "scope": "Destination", "scopeKind": "class", "description": "unavailable"}, {"name": "Mapped[datetime] created_at", "scope": "Note", "scopeKind": "class", "description": "unavailable"}, {"name": "Mapped[int] day", "scope": "ItineraryItem", "scopeKind": "class", "description": "unavailable"}, {"name": "Mapped[str | None] description", "scope": "Destination", "scopeKind": "class", "description": "unavailable"}, {"name": "Mapped[\"Destination\"] destination", "scope": "ItineraryItem", "scopeKind": "class", "description": "unavailable"}, {"name": "Mapped[uuid.UUID | None] destination_id", "scope": "ItineraryItem", "scopeKind": "class", "description": "unavailable"}, {"name": "Mapped[date | None] end_date", "scope": "Trip", "scopeKind": "class", "description": "unavailable"}, {"name": "Mapped[datetime | None] end_time", "scope": "ItineraryItem", "scopeKind": "class", "description": "unavailable"}, {"name": "Mapped[uuid.UUID] id", "scope": "Destination", "scopeKind": "class", "description": "unavailable"}, {"name": "Mapped[list[\"ItineraryItem\"]] itinerary_items", "scope": "Destination", "scopeKind": "class", "description": "unavailable"}, {"name": "Mapped[str] message", "scope": "Reminder", "scopeKind": "class", "description": "unavailable"}, {"name": "Mapped[str] name", "scope": "Destination", "scopeKind": "class", "description": "unavailable"}, {"name": "Mapped[list[\"Note\"]] notes", "scope": "Trip", "scopeKind": "class", "description": "unavailable"}, {"name": "Mapped[datetime] remind_at", "scope": "Reminder", "scopeKind": "class", "description": "unavailable"}, {"name": "Mapped[list[\"Reminder\"]] reminders", "scope": "Trip", "scopeKind": "class", "description": "unavailable"}, {"name": "Mapped[date | None] start_date", "scope": "Trip", "scopeKind": "class", "description": "unavailable"}, {"name": "Mapped[datetime | None] start_time", "scope": "ItineraryItem", "scopeKind": "class", "description": "unavailable"}, {"name": "Mapped[str] title", "scope": "ItineraryItem", "scopeKind": "class", "description": "unavailable"}, {"name": "Mapped[\"Trip\"] trip", "scope": "ItineraryItem", "scopeKind": "class", "description": "unavailable"}, {"name": "Mapped[uuid.UUID] trip_id", "scope": "ItineraryItem", "scopeKind": "class", "description": "unavailable"}], "revision_history": [{"17": ""}]}