{"is_source_file": true, "file_id": 3, "git_revision": "a518ee0ec0e43de50aa829f1308121f2782da43f", "state": 2, "description": "", "external_files": [], "external_methods": [], "published": [], "classes": [], "methods": [], "calls": [], "search-terms": [], "ctags": [], "hash": null, "format-version": 4, "code-base-name": "travel_planner_backend", "filename": "travel_planner_backend/src/api/__init__.py", "knowledge_revision": 7, "revision_history": [{"7": "a518ee0ec0e43de50aa829f1308121f2782da43f"}]}