{"is_source_file": true, "format": "Python", "description": "This is the main source file for a FastAPI backend application, defining the API app, routes, middleware, and health check endpoints for a travel planning service.", "external_files": ["src.api.routes.destinations", "src.api.routes.itinerary", "src.api.routes.notes", "src.api.routes.reminders", "src.api.routes.trips", "src.db.session"], "external_methods": ["get_db", "Depends", "text", "Session"], "published": ["app"], "classes": [], "methods": [{"name": "health_check()", "description": "Health check endpoint that returns a basic message indicating the service is running.", "scope": "", "scopeKind": ""}, {"name": "db_health_check(db: Session = Depends(get_db))", "description": "Database connectivity check that runs a trivial SELECT 1 query to verify database connectivity.", "scope": "", "scopeKind": ""}], "calls": ["app.include_router", "app.add_middleware", "db.execute"], "search-terms": ["FastAPI", "API routers", "health check", "database connectivity", "CORS middleware", "trip planning backend"], "state": 3, "file_id": 2, "knowledge_revision": 38, "git_revision": "418a0082a0e5d453fba93b922ce6902882fe00c2", "revision_history": [{"8": "a518ee0ec0e43de50aa829f1308121f2782da43f"}, {"22": "158bcdec041d76b19dbcbaac58f62641a7fad2e0"}, {"25": "dab40099262f9c79ab35527b0724b028609971f2"}, {"33": "418a0082a0e5d453fba93b922ce6902882fe00c2"}, {"38": "418a0082a0e5d453fba93b922ce6902882fe00c2"}], "ctags": [{"_type": "tag", "name": "app", "path": "/home/kavia/workspace/code-generation/travel-planner-pro-214723-214732/travel_planner_backend/src/api/main.py", "pattern": "/^app = FastAPI($/", "language": "Python", "kind": "variable"}, {"_type": "tag", "name": "db_health_check", "path": "/home/kavia/workspace/code-generation/travel-planner-pro-214723-214732/travel_planner_backend/src/api/main.py", "pattern": "/^def db_health_check(db: Session = Depends(get_db)):$/", "language": "Python", "kind": "function", "signature": "(db: Session = Depends(get_db))"}, {"_type": "tag", "name": "destinations_router", "path": "/home/kavia/workspace/code-generation/travel-planner-pro-214723-214732/travel_planner_backend/src/api/main.py", "pattern": "/^from src.api.routes.destinations import router as destinations_router$/", "language": "Python", "kind": "unknown", "nameref": "unknown:router"}, {"_type": "tag", "name": "health_check", "path": "/home/kavia/workspace/code-generation/travel-planner-pro-214723-214732/travel_planner_backend/src/api/main.py", "pattern": "/^def health_check():$/", "language": "Python", "kind": "function", "signature": "()"}, {"_type": "tag", "name": "itinerary_router", "path": "/home/kavia/workspace/code-generation/travel-planner-pro-214723-214732/travel_planner_backend/src/api/main.py", "pattern": "/^from src.api.routes.itinerary import router as itinerary_router$/", "language": "Python", "kind": "unknown", "nameref": "unknown:router"}, {"_type": "tag", "name": "notes_router", "path": "/home/kavia/workspace/code-generation/travel-planner-pro-214723-214732/travel_planner_backend/src/api/main.py", "pattern": "/^from src.api.routes.notes import router as notes_router$/", "language": "Python", "kind": "unknown", "nameref": "unknown:router"}, {"_type": "tag", "name": "openapi_tags", "path": "/home/kavia/workspace/code-generation/travel-planner-pro-214723-214732/travel_planner_backend/src/api/main.py", "pattern": "/^openapi_tags = [$/", "language": "Python", "kind": "variable"}, {"_type": "tag", "name": "reminders_router", "path": "/home/kavia/workspace/code-generation/travel-planner-pro-214723-214732/travel_planner_backend/src/api/main.py", "pattern": "/^from src.api.routes.reminders import router as reminders_router$/", "language": "Python", "kind": "unknown", "nameref": "unknown:router"}, {"_type": "tag", "name": "trips_router", "path": "/home/kavia/workspace/code-generation/travel-planner-pro-214723-214732/travel_planner_backend/src/api/main.py", "pattern": "/^from src.api.routes.trips import router as trips_router$/", "language": "Python", "kind": "unknown", "nameref": "unknown:router"}], "hash": "3a729e207f7fb196e61932e8dccb2a2f", "format-version": 4, "code-base-name": "travel_planner_backend", "filename": "travel_planner_backend/src/api/main.py", "fields": [{"name": "app = FastAPI(", "scope": "", "scopeKind": "", "description": "unavailable"}, {"name": "openapi_tags = [", "scope": "", "scopeKind": "", "description": "unavailable"}]}