{"is_source_file": true, "format": "Python", "description": "This source file defines the database session management for the backend, including the SQLAlchemy engine setup, the declarative base class, and a generator function for obtaining database sessions, typically used as a dependency in FastAPI.", "external_files": ["src.core.settings"], "external_methods": ["get_settings"], "published": ["get_db"], "classes": [{"name": "Base", "description": "SQLAlchemy declarative base class for ORM models."}], "methods": [{"name": "Generator[Session,None,None] get_db()", "description": "Generator function providing a SQLAlchemy Session, used as a dependency for database interactions, ensuring proper cleanup.", "scope": "", "scopeKind": ""}], "calls": ["get_settings", "create_engine", "sessionmaker", "SessionLocal"], "search-terms": ["session management", "SQLAlchemy engine", "FastAPI dependency", "database session", "DeclarativeBase"], "state": 2, "file_id": 7, "knowledge_revision": 15, "git_revision": "", "ctags": [{"_type": "tag", "name": "Base", "path": "/home/kavia/workspace/code-generation/travel-planner-pro-214723-214732/travel_planner_backend/src/db/session.py", "pattern": "/^class Base(DeclarativeBase):$/", "language": "Python", "kind": "class"}, {"_type": "tag", "name": "SessionLocal", "path": "/home/kavia/workspace/code-generation/travel-planner-pro-214723-214732/travel_planner_backend/src/db/session.py", "pattern": "/^SessionLocal = sessionmaker(bind=engine, autocommit=False, autoflush=False)$/", "language": "Python", "kind": "variable"}, {"_type": "tag", "name": "_settings", "path": "/home/kavia/workspace/code-generation/travel-planner-pro-214723-214732/travel_planner_backend/src/db/session.py", "pattern": "/^_settings = get_settings()$/", "language": "Python", "kind": "variable"}, {"_type": "tag", "name": "engine", "path": "/home/kavia/workspace/code-generation/travel-planner-pro-214723-214732/travel_planner_backend/src/db/session.py", "pattern": "/^engine = create_engine($/", "language": "Python", "kind": "variable"}, {"_type": "tag", "name": "get_db", "path": "/home/kavia/workspace/code-generation/travel-planner-pro-214723-214732/travel_planner_backend/src/db/session.py", "pattern": "/^def get_db() -> Generator[Session, None, None]:$/", "language": "Python", "typeref": "typename:Generator[Session,None,None]", "kind": "function", "signature": "()"}], "hash": "45b2dc2dad42aad4170472a07233a71f", "format-version": 4, "code-base-name": "travel_planner_backend", "filename": "travel_planner_backend/src/db/session.py", "fields": [{"name": "SessionLocal = sessionmaker(bind=engine, autocommit=False, autoflush=False)", "scope": "", "scopeKind": "", "description": "unavailable"}, {"name": "_settings = get_settings()", "scope": "", "scopeKind": "", "description": "unavailable"}, {"name": "engine = create_engine(", "scope": "", "scopeKind": "", "description": "unavailable"}], "revision_history": [{"15": ""}]}