{"is_source_file": true, "format": "Python", "description": "This is a FastAPI application source file establishing backend API endpoints for health checks, system status, and database connectivity. It configures the app, including CORS middleware, and defines endpoints for health monitoring.", "external_files": ["src/db/session.py"], "external_methods": ["get_db"], "published": ["app"], "classes": [], "methods": [{"name": "health_check()", "description": "Endpoint that performs a health check to determine if the service is running.", "scope": "", "scopeKind": ""}, {"name": "db_health_check(db: Session = Depends(get_db))", "description": "Endpoint that checks database connectivity by executing a simple SQL query.", "scope": "", "scopeKind": ""}], "calls": ["fastapi.FastAPI", "fastapi.middleware.cors.CORSMiddleware", "sqlalchemy.text", "src.db.session.get_db", "app.add_middleware", "app.get"], "search-terms": ["FastAPI", "health check", "database connectivity", "CORS middleware", "app initialization", "API endpoints"], "state": 3, "file_id": 2, "knowledge_revision": 22, "git_revision": "158bcdec041d76b19dbcbaac58f62641a7fad2e0", "revision_history": [{"8": "a518ee0ec0e43de50aa829f1308121f2782da43f"}, {"22": "158bcdec041d76b19dbcbaac58f62641a7fad2e0"}], "ctags": [{"_type": "tag", "name": "app", "path": "/home/kavia/workspace/code-generation/travel-planner-pro-214723-214732/travel_planner_backend/src/api/main.py", "pattern": "/^app = FastAPI($/", "language": "Python", "kind": "variable"}, {"_type": "tag", "name": "db_health_check", "path": "/home/kavia/workspace/code-generation/travel-planner-pro-214723-214732/travel_planner_backend/src/api/main.py", "pattern": "/^def db_health_check(db: Session = Depends(get_db)):$/", "language": "Python", "kind": "function", "signature": "(db: Session = Depends(get_db))"}, {"_type": "tag", "name": "health_check", "path": "/home/kavia/workspace/code-generation/travel-planner-pro-214723-214732/travel_planner_backend/src/api/main.py", "pattern": "/^def health_check():$/", "language": "Python", "kind": "function", "signature": "()"}, {"_type": "tag", "name": "openapi_tags", "path": "/home/kavia/workspace/code-generation/travel-planner-pro-214723-214732/travel_planner_backend/src/api/main.py", "pattern": "/^openapi_tags = [$/", "language": "Python", "kind": "variable"}], "hash": "1f61364ab57509a87918e91fda6d1819", "format-version": 4, "code-base-name": "travel_planner_backend", "filename": "travel_planner_backend/src/api/main.py", "fields": [{"name": "app = FastAPI(", "scope": "", "scopeKind": "", "description": "unavailable"}, {"name": "openapi_tags = [", "scope": "", "scopeKind": "", "description": "unavailable"}]}