{"is_source_file": true, "format": "Python", "description": "This file defines Pydantic data models representing schemas for a travel planning application. It includes base schemas and specialized schemas for trips, destinations, itinerary items, notes, and reminders, with fields for IDs, dates, descriptions, and timestamps.", "external_files": ["uuid", "datetime", "pydantic"], "external_methods": [], "published": ["TripBase", "TripCreate", "TripRead", "DestinationBase", "DestinationCreate", "DestinationRead", "ItineraryItemBase", "ItineraryItemCreate", "ItineraryItemRead", "NoteBase", "NoteCreate", "NoteRead", "ReminderBase", "ReminderCreate", "ReminderRead"], "classes": [{"name": "_BaseSchema", "description": "Base class for schemas, configuring Pydantic to populate models from object attributes."}, {"name": "TripBase", "description": "Schema for basic trip information, including name and optional start/end dates."}, {"name": "TripCreate", "description": "Schema for creating a new trip; inherits from TripBase."}, {"name": "TripRead", "description": "Schema for retrieving trip info, including UUID and creation timestamp."}, {"name": "DestinationBase", "description": "Schema for destination info, including name, optional country and description."}, {"name": "DestinationCreate", "description": "Schema for creating a destination; inherits from DestinationBase."}, {"name": "DestinationRead", "description": "Schema for reading destination info, including UUID."}, {"name": "ItineraryItemBase", "description": "Schema for itinerary items, including trip ID, day, title, optional description, times, and optional destination ID."}, {"name": "ItineraryItemCreate", "description": "Schema for creating an itinerary item; inherits from ItineraryItemBase."}, {"name": "ItineraryItemRead", "description": "Schema for reading an itinerary item, including UUID."}, {"name": "NoteBase", "description": "Schema for notes related to trips, including trip ID and content."}, {"name": "NoteCreate", "description": "Schema for creating a note; inherits from NoteBase."}, {"name": "NoteRead", "description": "Schema for reading a note, including UUID and timestamp."}, {"name": "ReminderBase", "description": "Schema for reminders, including trip ID, message, and reminder time."}, {"name": "ReminderCreate", "description": "Schema for creating a reminder; inherits from ReminderBase."}, {"name": "ReminderRead", "description": "Schema for reading a reminder, including UUID and timestamp."}], "methods": [{"name": "__init__", "description": "Implicit constructor for Pydantic models; not explicitly defined in code."}], "calls": [], "state": 2, "file_id": 9, "knowledge_revision": 20, "git_revision": "", "ctags": [{"_type": "tag", "name": "DestinationBase", "path": "/home/kavia/workspace/code-generation/travel-planner-pro-214723-214732/travel_planner_backend/src/schemas/travel.py", "pattern": "/^class DestinationBase(_BaseSchema):$/", "language": "Python", "kind": "class"}, {"_type": "tag", "name": "DestinationCreate", "path": "/home/kavia/workspace/code-generation/travel-planner-pro-214723-214732/travel_planner_backend/src/schemas/travel.py", "pattern": "/^class DestinationCreate(DestinationBase):$/", "language": "Python", "kind": "class"}, {"_type": "tag", "name": "DestinationRead", "path": "/home/kavia/workspace/code-generation/travel-planner-pro-214723-214732/travel_planner_backend/src/schemas/travel.py", "pattern": "/^class DestinationRead(DestinationBase):$/", "language": "Python", "kind": "class"}, {"_type": "tag", "name": "ItineraryItemBase", "path": "/home/kavia/workspace/code-generation/travel-planner-pro-214723-214732/travel_planner_backend/src/schemas/travel.py", "pattern": "/^class ItineraryItemBase(_BaseSchema):$/", "language": "Python", "kind": "class"}, {"_type": "tag", "name": "ItineraryItemCreate", "path": "/home/kavia/workspace/code-generation/travel-planner-pro-214723-214732/travel_planner_backend/src/schemas/travel.py", "pattern": "/^class ItineraryItemCreate(ItineraryItemBase):$/", "language": "Python", "kind": "class"}, {"_type": "tag", "name": "ItineraryItemRead", "path": "/home/kavia/workspace/code-generation/travel-planner-pro-214723-214732/travel_planner_backend/src/schemas/travel.py", "pattern": "/^class ItineraryItemRead(ItineraryItemBase):$/", "language": "Python", "kind": "class"}, {"_type": "tag", "name": "NoteBase", "path": "/home/kavia/workspace/code-generation/travel-planner-pro-214723-214732/travel_planner_backend/src/schemas/travel.py", "pattern": "/^class NoteBase(_BaseSchema):$/", "language": "Python", "kind": "class"}, {"_type": "tag", "name": "NoteCreate", "path": "/home/kavia/workspace/code-generation/travel-planner-pro-214723-214732/travel_planner_backend/src/schemas/travel.py", "pattern": "/^class NoteCreate(NoteBase):$/", "language": "Python", "kind": "class"}, {"_type": "tag", "name": "NoteRead", "path": "/home/kavia/workspace/code-generation/travel-planner-pro-214723-214732/travel_planner_backend/src/schemas/travel.py", "pattern": "/^class NoteRead(NoteBase):$/", "language": "Python", "kind": "class"}, {"_type": "tag", "name": "ReminderBase", "path": "/home/kavia/workspace/code-generation/travel-planner-pro-214723-214732/travel_planner_backend/src/schemas/travel.py", "pattern": "/^class ReminderBase(_BaseSchema):$/", "language": "Python", "kind": "class"}, {"_type": "tag", "name": "ReminderCreate", "path": "/home/kavia/workspace/code-generation/travel-planner-pro-214723-214732/travel_planner_backend/src/schemas/travel.py", "pattern": "/^class ReminderCreate(ReminderBase):$/", "language": "Python", "kind": "class"}, {"_type": "tag", "name": "ReminderRead", "path": "/home/kavia/workspace/code-generation/travel-planner-pro-214723-214732/travel_planner_backend/src/schemas/travel.py", "pattern": "/^class ReminderRead(ReminderBase):$/", "language": "Python", "kind": "class"}, {"_type": "tag", "name": "TripBase", "path": "/home/kavia/workspace/code-generation/travel-planner-pro-214723-214732/travel_planner_backend/src/schemas/travel.py", "pattern": "/^class TripBase(_BaseSchema):$/", "language": "Python", "kind": "class"}, {"_type": "tag", "name": "TripCreate", "path": "/home/kavia/workspace/code-generation/travel-planner-pro-214723-214732/travel_planner_backend/src/schemas/travel.py", "pattern": "/^class TripCreate(TripBase):$/", "language": "Python", "kind": "class"}, {"_type": "tag", "name": "TripRead", "path": "/home/kavia/workspace/code-generation/travel-planner-pro-214723-214732/travel_planner_backend/src/schemas/travel.py", "pattern": "/^class TripRead(TripBase):$/", "language": "Python", "kind": "class"}, {"_type": "tag", "name": "_BaseSchema", "path": "/home/kavia/workspace/code-generation/travel-planner-pro-214723-214732/travel_planner_backend/src/schemas/travel.py", "pattern": "/^class _BaseSchema(BaseModel):$/", "language": "Python", "kind": "class"}, {"_type": "tag", "name": "content", "path": "/home/kavia/workspace/code-generation/travel-planner-pro-214723-214732/travel_planner_backend/src/schemas/travel.py", "pattern": "/^    content: str = Field(..., description=\"Note content\")$/", "language": "Python", "typeref": "typename:str", "kind": "variable", "scope": "NoteBase", "scopeKind": "class"}, {"_type": "tag", "name": "country", "path": "/home/kavia/workspace/code-generation/travel-planner-pro-214723-214732/travel_planner_backend/src/schemas/travel.py", "pattern": "/^    country: Optional[str] = Field(None, description=\"Country\", max_length=100)$/", "language": "Python", "typeref": "typename:Optional[str]", "kind": "variable", "scope": "DestinationBase", "scopeKind": "class"}, {"_type": "tag", "name": "created_at", "path": "/home/kavia/workspace/code-generation/travel-planner-pro-214723-214732/travel_planner_backend/src/schemas/travel.py", "pattern": "/^    created_at: datetime = Field(..., description=\"Timestamp when reminder was created\")$/", "language": "Python", "typeref": "typename:datetime", "kind": "variable", "scope": "ReminderRead", "scopeKind": "class"}, {"_type": "tag", "name": "created_at", "path": "/home/kavia/workspace/code-generation/travel-planner-pro-214723-214732/travel_planner_backend/src/schemas/travel.py", "pattern": "/^    created_at: datetime = Field(..., description=\"Timestamp when the note was created\")$/", "language": "Python", "typeref": "typename:datetime", "kind": "variable", "scope": "NoteRead", "scopeKind": "class"}, {"_type": "tag", "name": "created_at", "path": "/home/kavia/workspace/code-generation/travel-planner-pro-214723-214732/travel_planner_backend/src/schemas/travel.py", "pattern": "/^    created_at: datetime = Field(..., description=\"Timestamp when the trip was created\")$/", "language": "Python", "typeref": "typename:datetime", "kind": "variable", "scope": "TripRead", "scopeKind": "class"}, {"_type": "tag", "name": "day", "path": "/home/kavia/workspace/code-generation/travel-planner-pro-214723-214732/travel_planner_backend/src/schemas/travel.py", "pattern": "/^    day: int = Field(..., description=\"Day number within trip (1..N)\", ge=1)$/", "language": "Python", "typeref": "typename:int", "kind": "variable", "scope": "ItineraryItemBase", "scopeKind": "class"}, {"_type": "tag", "name": "description", "path": "/home/kavia/workspace/code-generation/travel-planner-pro-214723-214732/travel_planner_backend/src/schemas/travel.py", "pattern": "/^    description: Optional[str] = Field(None, description=\"Details\")$/", "language": "Python", "typeref": "typename:Optional[str]", "kind": "variable", "scope": "ItineraryItemBase", "scopeKind": "class"}, {"_type": "tag", "name": "description", "path": "/home/kavia/workspace/code-generation/travel-planner-pro-214723-214732/travel_planner_backend/src/schemas/travel.py", "pattern": "/^    description: Optional[str] = Field(None, description=\"Free-form description\")$/", "language": "Python", "typeref": "typename:Optional[str]", "kind": "variable", "scope": "DestinationBase", "scopeKind": "class"}, {"_type": "tag", "name": "destination_id", "path": "/home/kavia/workspace/code-generation/travel-planner-pro-214723-214732/travel_planner_backend/src/schemas/travel.py", "pattern": "/^    destination_id: Optional[uuid.UUID] = Field(None, description=\"Optional destination UUID\")$/", "language": "Python", "typeref": "typename:Optional[uuid.UUID]", "kind": "variable", "scope": "ItineraryItemBase", "scopeKind": "class"}, {"_type": "tag", "name": "end_date", "path": "/home/kavia/workspace/code-generation/travel-planner-pro-214723-214732/travel_planner_backend/src/schemas/travel.py", "pattern": "/^    end_date: Optional[date] = Field(None, description=\"Trip end date\")$/", "language": "Python", "typeref": "typename:Optional[date]", "kind": "variable", "scope": "TripBase", "scopeKind": "class"}, {"_type": "tag", "name": "end_time", "path": "/home/kavia/workspace/code-generation/travel-planner-pro-214723-214732/travel_planner_backend/src/schemas/travel.py", "pattern": "/^    end_time: Optional[datetime] = Field(None, description=\"End datetime (optional)\")$/", "language": "Python", "typeref": "typename:Optional[datetime]", "kind": "variable", "scope": "ItineraryItemBase", "scopeKind": "class"}, {"_type": "tag", "name": "id", "path": "/home/kavia/workspace/code-generation/travel-planner-pro-214723-214732/travel_planner_backend/src/schemas/travel.py", "pattern": "/^    id: uuid.UUID = Field(..., description=\"Destination UUID\")$/", "language": "Python", "typeref": "typename:uuid.UUID", "kind": "variable", "scope": "DestinationRead", "scopeKind": "class"}, {"_type": "tag", "name": "id", "path": "/home/kavia/workspace/code-generation/travel-planner-pro-214723-214732/travel_planner_backend/src/schemas/travel.py", "pattern": "/^    id: uuid.UUID = Field(..., description=\"Itinerary item UUID\")$/", "language": "Python", "typeref": "typename:uuid.UUID", "kind": "variable", "scope": "ItineraryItemRead", "scopeKind": "class"}, {"_type": "tag", "name": "id", "path": "/home/kavia/workspace/code-generation/travel-planner-pro-214723-214732/travel_planner_backend/src/schemas/travel.py", "pattern": "/^    id: uuid.UUID = Field(..., description=\"Note UUID\")$/", "language": "Python", "typeref": "typename:uuid.UUID", "kind": "variable", "scope": "NoteRead", "scopeKind": "class"}, {"_type": "tag", "name": "id", "path": "/home/kavia/workspace/code-generation/travel-planner-pro-214723-214732/travel_planner_backend/src/schemas/travel.py", "pattern": "/^    id: uuid.UUID = Field(..., description=\"Reminder UUID\")$/", "language": "Python", "typeref": "typename:uuid.UUID", "kind": "variable", "scope": "ReminderRead", "scopeKind": "class"}, {"_type": "tag", "name": "id", "path": "/home/kavia/workspace/code-generation/travel-planner-pro-214723-214732/travel_planner_backend/src/schemas/travel.py", "pattern": "/^    id: uuid.UUID = Field(..., description=\"Trip UUID\")$/", "language": "Python", "typeref": "typename:uuid.UUID", "kind": "variable", "scope": "TripRead", "scopeKind": "class"}, {"_type": "tag", "name": "message", "path": "/home/kavia/workspace/code-generation/travel-planner-pro-214723-214732/travel_planner_backend/src/schemas/travel.py", "pattern": "/^    message: str = Field(..., description=\"Reminder message\", max_length=255)$/", "language": "Python", "typeref": "typename:str", "kind": "variable", "scope": "ReminderBase", "scopeKind": "class"}, {"_type": "tag", "name": "model_config", "path": "/home/kavia/workspace/code-generation/travel-planner-pro-214723-214732/travel_planner_backend/src/schemas/travel.py", "pattern": "/^    model_config = ConfigDict(from_attributes=True)$/", "language": "Python", "kind": "variable", "scope": "_BaseSchema", "scopeKind": "class"}, {"_type": "tag", "name": "name", "path": "/home/kavia/workspace/code-generation/travel-planner-pro-214723-214732/travel_planner_backend/src/schemas/travel.py", "pattern": "/^    name: str = Field(..., description=\"Destination name\", max_length=200)$/", "language": "Python", "typeref": "typename:str", "kind": "variable", "scope": "DestinationBase", "scopeKind": "class"}, {"_type": "tag", "name": "name", "path": "/home/kavia/workspace/code-generation/travel-planner-pro-214723-214732/travel_planner_backend/src/schemas/travel.py", "pattern": "/^    name: str = Field(..., description=\"Trip name\", max_length=200)$/", "language": "Python", "typeref": "typename:str", "kind": "variable", "scope": "TripBase", "scopeKind": "class"}, {"_type": "tag", "name": "remind_at", "path": "/home/kavia/workspace/code-generation/travel-planner-pro-214723-214732/travel_planner_backend/src/schemas/travel.py", "pattern": "/^    remind_at: datetime = Field(..., description=\"When to remind (datetime)\")$/", "language": "Python", "typeref": "typename:datetime", "kind": "variable", "scope": "ReminderBase", "scopeKind": "class"}, {"_type": "tag", "name": "start_date", "path": "/home/kavia/workspace/code-generation/travel-planner-pro-214723-214732/travel_planner_backend/src/schemas/travel.py", "pattern": "/^    start_date: Optional[date] = Field(None, description=\"Trip start date\")$/", "language": "Python", "typeref": "typename:Optional[date]", "kind": "variable", "scope": "TripBase", "scopeKind": "class"}, {"_type": "tag", "name": "start_time", "path": "/home/kavia/workspace/code-generation/travel-planner-pro-214723-214732/travel_planner_backend/src/schemas/travel.py", "pattern": "/^    start_time: Optional[datetime] = Field(None, description=\"Start datetime (optional)\")$/", "language": "Python", "typeref": "typename:Optional[datetime]", "kind": "variable", "scope": "ItineraryItemBase", "scopeKind": "class"}, {"_type": "tag", "name": "title", "path": "/home/kavia/workspace/code-generation/travel-planner-pro-214723-214732/travel_planner_backend/src/schemas/travel.py", "pattern": "/^    title: str = Field(..., description=\"Itinerary item title\", max_length=200)$/", "language": "Python", "typeref": "typename:str", "kind": "variable", "scope": "ItineraryItemBase", "scopeKind": "class"}, {"_type": "tag", "name": "trip_id", "path": "/home/kavia/workspace/code-generation/travel-planner-pro-214723-214732/travel_planner_backend/src/schemas/travel.py", "pattern": "/^    trip_id: uuid.UUID = Field(..., description=\"Trip UUID\")$/", "language": "Python", "typeref": "typename:uuid.UUID", "kind": "variable", "scope": "ItineraryItemBase", "scopeKind": "class"}, {"_type": "tag", "name": "trip_id", "path": "/home/kavia/workspace/code-generation/travel-planner-pro-214723-214732/travel_planner_backend/src/schemas/travel.py", "pattern": "/^    trip_id: uuid.UUID = Field(..., description=\"Trip UUID\")$/", "language": "Python", "typeref": "typename:uuid.UUID", "kind": "variable", "scope": "NoteBase", "scopeKind": "class"}, {"_type": "tag", "name": "trip_id", "path": "/home/kavia/workspace/code-generation/travel-planner-pro-214723-214732/travel_planner_backend/src/schemas/travel.py", "pattern": "/^    trip_id: uuid.UUID = Field(..., description=\"Trip UUID\")$/", "language": "Python", "typeref": "typename:uuid.UUID", "kind": "variable", "scope": "ReminderBase", "scopeKind": "class"}], "hash": "1ea95ebbe02ac55293333490294916c6", "format-version": 4, "code-base-name": "travel_planner_backend", "filename": "travel_planner_backend/src/schemas/travel.py", "search-terms": [], "fields": [{"name": "str content", "scope": "NoteBase", "scopeKind": "class", "description": "unavailable"}, {"name": "Optional[str] country", "scope": "DestinationBase", "scopeKind": "class", "description": "unavailable"}, {"name": "datetime created_at", "scope": "ReminderRead", "scopeKind": "class", "description": "unavailable"}, {"name": "int day", "scope": "ItineraryItemBase", "scopeKind": "class", "description": "unavailable"}, {"name": "Optional[str] description", "scope": "ItineraryItemBase", "scopeKind": "class", "description": "unavailable"}, {"name": "Optional[uuid.UUID] destination_id", "scope": "ItineraryItemBase", "scopeKind": "class", "description": "unavailable"}, {"name": "Optional[date] end_date", "scope": "TripBase", "scopeKind": "class", "description": "unavailable"}, {"name": "Optional[datetime] end_time", "scope": "ItineraryItemBase", "scopeKind": "class", "description": "unavailable"}, {"name": "uuid.UUID id", "scope": "DestinationRead", "scopeKind": "class", "description": "unavailable"}, {"name": "str message", "scope": "ReminderBase", "scopeKind": "class", "description": "unavailable"}, {"name": "model_config = ConfigDict(from_attributes=True)", "scope": "_BaseSchema", "scopeKind": "class", "description": "unavailable"}, {"name": "str name", "scope": "DestinationBase", "scopeKind": "class", "description": "unavailable"}, {"name": "datetime remind_at", "scope": "ReminderBase", "scopeKind": "class", "description": "unavailable"}, {"name": "Optional[date] start_date", "scope": "TripBase", "scopeKind": "class", "description": "unavailable"}, {"name": "Optional[datetime] start_time", "scope": "ItineraryItemBase", "scopeKind": "class", "description": "unavailable"}, {"name": "str title", "scope": "ItineraryItemBase", "scopeKind": "class", "description": "unavailable"}, {"name": "uuid.UUID trip_id", "scope": "ItineraryItemBase", "scopeKind": "class", "description": "unavailable"}], "revision_history": [{"20": ""}]}