{"is_source_file": true, "format": "Python", "description": "This file serves as the __init__.py for the backend package, indicating that it is part of a Python package structure. It provides a comment explaining the purpose of having 'src' as an explicit package, primarily to facilitate reliable absolute imports within the project.", "external_files": [], "external_methods": [], "published": [], "classes": [], "methods": [], "calls": [], "search-terms": ["__init__.py", "backend package", "src package", "absolute imports"], "state": 2, "file_id": 5, "knowledge_revision": 11, "git_revision": "", "ctags": [], "hash": "789b55bd08e3e2888a41c47202e52746", "format-version": 4, "code-base-name": "travel_planner_backend", "filename": "travel_planner_backend/src/__init__.py", "revision_history": [{"11": ""}]}