{"is_source_file": true, "format": "Python", "description": "This file defines an API endpoint for searching destinations, using FastAPI framework and SQLAlchemy for database interactions. It provides a GET route '/search' that performs a case-insensitive partial match search on destination names and cities, supporting pagination and returning a structured response.", "external_files": ["src/db/models.py", "src/db/session.py", "src/schemas/travel.py"], "external_methods": ["get_db", "DestinationSearchResponse", "DestinationSearchResult"], "published": ["router"], "classes": [{"name": "DestinationSearchResponse", "description": "Schema for the paginated search results containing a list of destinations, total count, limit, and offset."}, {"name": "DestinationSearchResult", "description": "Schema for individual destination information returned within search results."}], "methods": [{"name": "DestinationSearchResponse search_destinations( q: str = Query( ..., min_length=1, description=\"Search query text (partial match; case-insensitive)\", ), db: Session = Depends(get_db), limit: int = Query(20, ge=1, le=100, description=\"Maximum number of results to return\"), offset: int = Query(0, ge=0, description=\"Number of results to skip\"), )", "description": "API endpoint handler function that performs a search over destinations based on query string, implements pagination, and returns the search results or raises an HTTPException if input is invalid.", "scope": "", "scopeKind": ""}], "calls": ["db.execute", "select", "or_", "Destination.name.ilike", "Destination.city.ilike", "Destination.id", "Destination.name", "Destination.country", "Destination.city", "Destination.popularity"], "search-terms": ["FastAPI", "search_destinations", "destinations", "APIRouter", "destination search endpoint", "partial match", "pagination", "SQLAlchemy select"], "state": 2, "file_id": 15, "knowledge_revision": 41, "git_revision": "89209456d79bba69269e93df33dc2753fae4d454", "revision_history": [{"37": ""}, {"41": "89209456d79bba69269e93df33dc2753fae4d454"}], "ctags": [{"_type": "tag", "name": "router", "path": "/home/kavia/workspace/code-generation/travel-planner-pro-214723-214732/travel_planner_backend/src/api/routes/destinations.py", "pattern": "/^router = APIRouter(prefix=\"\\/api\\/destinations\", tags=[\"Destinations\"])$/", "language": "Python", "kind": "variable"}, {"_type": "tag", "name": "search_destinations", "path": "/home/kavia/workspace/code-generation/travel-planner-pro-214723-214732/travel_planner_backend/src/api/routes/destinations.py", "pattern": "/^def search_destinations($/", "language": "Python", "typeref": "typename:DestinationSearchResponse", "kind": "function", "signature": "( q: str = Query( ..., min_length=1, description=\"Search query text (partial match; case-insensitive)\", ), db: Session = Depends(get_db), limit: int = Query(20, ge=1, le=100, description=\"Maximum number of results to return\"), offset: int = Query(0, ge=0, description=\"Number of results to skip\"), )"}], "hash": "e58eddd5ca394510be38d75b7e1eb8dc", "format-version": 4, "code-base-name": "travel_planner_backend", "filename": "travel_planner_backend/src/api/routes/destinations.py", "fields": [{"name": "router = APIRouter(prefix=\"\\/api\\/destinations\", tags=[\"Destinations\"])", "scope": "", "scopeKind": "", "description": "unavailable"}]}